round,verification_link,scoring_link,verification_status,scoring_status
2026-09-27T21:29:00+00:00,https://api.theminos.ai/verification/round/2026-09-27T21%3A29%3A00%2B00%3A00,https://api.theminos.ai/scoring/rounds/2026-09-27T21%3A29%3A00%2B00%3A00/leaderboard,200,200
2026-09-27T20:17:00+00:00,https://api.theminos.ai/verification/round/2026-09-27T20%3A17%3A00%2B00%3A00,https://api.theminos.ai/scoring/rounds/2026-09-27T20%3A17%3A00%2B00%3A00/leaderboard,200,200
2026-09-27T19:05:00+00:00,https://api.theminos.ai/verification/round/2026-09-27T19%3A05%3A00%2B00%3A00,https://api.theminos.ai/scoring/rounds/2026-09-27T19%3A05%3A00%2B00%3A00/leaderboard,200,200
2026-09-27T17:53:00+00:00,https://api.theminos.ai/verification/round/2026-09-27T17%3A53%3A00%2B00%3A00,https://api.theminos.ai/scoring/rounds/2026-09-27T17%3A53%3A00%2B00%3A00/leaderboard,200,200
2026-09-27T16:41:00+00:00,https://api.theminos.ai/verification/round/2026-09-27T16%3A41%3A00%2B00%3A00,https://api.theminos.ai/scoring/rounds/2026-09-27T16%3A41%3A00%2B00%3A00/leaderboard,200,200
2026-09-27T15:29:00+00:00,https://api.theminos.ai/verification/round/2026-09-27T15%3A29%3A00%2B00%3A00,https://api.theminos.ai/scoring/rounds/2026-09-27T15%3A29%3A00%2B00%3A00/leaderboard,200,200
2026-09-27T14:17:00+00:00,https://api.theminos.ai/verification/round/2026-09-27T14%3A17%3A00%2B00%3A00,https://api.theminos.ai/scoring/rounds/2026-09-27T14%3A17%3A00%2B00%3A00/leaderboard,200,200
2026-09-27T13:05:00+00:00,https://api.theminos.ai/verification/round/2026-09-27T13%3A05%3A00%2B00%3A00,https://api.theminos.ai/scoring/rounds/2026-09-27T13%3A05%3A00%2B00%3A00/leaderboard,200,200
2026-09-27T11:53:00+00:00,https://api.theminos.ai/verification/round/2026-09-27T11%3A53%3A00%2B00%3A00,https://api.theminos.ai/scoring/rounds/2026-09-27T11%3A53%3A00%2B00%3A00/leaderboard,200,200
2026-09-27T10:41:00+00:00,https://api.theminos.ai/verification/round/2026-09-27T10%3A41%3A00%2B00%3A00,https://api.theminos.ai/scoring/rounds/2026-09-27T10%3A41%3A00%2B00%3A00/leaderboard,200,200
2026-09-27T09:29:00+00:00,https://api.theminos.ai/verification/round/2026-09-27T09%3A29%3A00%2B00%3A00,https://api.theminos.ai/scoring/rounds/2026-09-27T09%3A29%3A00%2B00%3A00/leaderboard,200,200
2026-09-27T08:17:00+00:00,https://api.theminos.ai/verification/round/2026-09-27T08%3A17%3A00%2B00%3A00,https://api.theminos.ai/scoring/rounds/2026-09-27T08%3A17%3A00%2B00%3A00/leaderboard,200,200
2026-09-27T07:05:00+00:00,https://api.theminos.ai/verification/round/2026-09-27T07%3A05%3A00%2B00%3A00,https://api.theminos.ai/scoring/rounds/2026-09-27T07%3A05%3A00%2B00%3A00/leaderboard,200,200
2026-09-27T05:53:00+00:00,https://api.theminos.ai/verification/round/2026-09-27T05%3A53%3A00%2B00%3A00,https://api.theminos.ai/scoring/rounds/2026-09-27T05%3A53%3A00%2B00%3A00/leaderboard,200,200
2026-09-27T04:41:00+00:00,https://api.theminos.ai/verification/round/2026-09-27T04%3A41%3A00%2B00%3A00,https://api.theminos.ai/scoring/rounds/2026-09-27T04%3A41%3A00%2B00%3A00/leaderboard,200,200
2026-09-27T03:29:00+00:00,https://api.theminos.ai/verification/round/2026-09-27T03%3A29%3A00%2B00%3A00,https://api.theminos.ai/scoring/rounds/2026-09-27T03%3A29%3A00%2B00%3A00/leaderboard,200,200
2026-09-27T02:17:00+00:00,https://api.theminos.ai/verification/round/2026-09-27T02%3A17%3A00%2B00%3A00,https://api.theminos.ai/scoring/rounds/2026-09-27T02%3A17%3A00%2B00%3A00/leaderboard,200,200
2026-09-27T01:05:00+00:00,https://api.theminos.ai/verification/round/2026-09-27T01%3A05%3A00%2B00%3A00,https://api.theminos.ai/scoring/rounds/2026-09-27T01%3A05%3A00%2B00%3A00/leaderboard,200,200
2026-09-26T23:53:00+00:00,https://api.theminos.ai/verification/round/2026-09-26T23%3A53%3A00%2B00%3A00,https://api.theminos.ai/scoring/rounds/2026-09-26T23%3A53%3A00%2B00%3A00/leaderboard,200,200
2026-09-26T22:41:00+00:00,https://api.theminos.ai/verification/round/2026-09-26T22%3A41%3A00%2B00%3A00,https://api.theminos.ai/scoring/rounds/2026-09-26T22%3A41%3A00%2B00%3A00/leaderboard,200,200
2026-09-26T21:29:00+00:00,https://api.theminos.ai/verification/round/2026-09-26T21%3A29%3A00%2B00%3A00,https://api.theminos.ai/scoring/rounds/2026-09-26T21%3A29%3A00%2B00%3A00/leaderboard,200,200
2026-09-26T20:17:00+00:00,https://api.theminos.ai/verification/round/2026-09-26T20%3A17%3A00%2B00%3A00,https://api.theminos.ai/scoring/rounds/2026-09-26T20%3A17%3A00%2B00%3A00/leaderboard,200,200
2026-09-26T19:05:00+00:00,https://api.theminos.ai/verification/round/2026-09-26T19%3A05%3A00%2B00%3A00,https://api.theminos.ai/scoring/rounds/2026-09-26T19%3A05%3A00%2B00%3A00/leaderboard,200,200
2026-09-26T17:53:00+00:00,https://api.theminos.ai/verification/round/2026-09-26T17%3A53%3A00%2B00%3A00,https://api.theminos.ai/scoring/rounds/2026-09-26T17%3A53%3A00%2B00%3A00/leaderboard,200,200
2026-09-26T16:41:00+00:00,https://api.theminos.ai/verification/round/2026-09-26T16%3A41%3A00%2B00%3A00,https://api.theminos.ai/scoring/rounds/2026-09-26T16%3A41%3A00%2B00%3A00/leaderboard,200,200
2026-09-26T15:29:00+00:00,https://api.theminos.ai/verification/round/2026-09-26T15%3A29%3A00%2B00%3A00,https://api.theminos.ai/scoring/rounds/2026-09-26T15%3A29%3A00%2B00%3A00/leaderboard,200,200
2026-09-26T14:17:00+00:00,https://api.theminos.ai/verification/round/2026-09-26T14%3A17%3A00%2B00%3A00,https://api.theminos.ai/scoring/rounds/2026-09-26T14%3A17%3A00%2B00%3A00/leaderboard,200,200
2026-09-26T13:05:00+00:00,https://api.theminos.ai/verification/round/2026-09-26T13%3A05%3A00%2B00%3A00,https://api.theminos.ai/scoring/rounds/2026-09-26T13%3A05%3A00%2B00%3A00/leaderboard,200,200
2026-09-26T11:53:00+00:00,https://api.theminos.ai/verification/round/2026-09-26T11%3A53%3A00%2B00%3A00,https://api.theminos.ai/scoring/rounds/2026-09-26T11%3A53%3A00%2B00%3A00/leaderboard,200,200
2026-09-26T10:41:00+00:00,https://api.theminos.ai/verification/round/2026-09-26T10%3A41%3A00%2B00%3A00,https://api.theminos.ai/scoring/rounds/2026-09-26T10%3A41%3A00%2B00%3A00/leaderboard,200,200
2026-09-26T09:29:00+00:00,https://api.theminos.ai/verification/round/2026-09-26T09%3A29%3A00%2B00%3A00,https://api.theminos.ai/scoring/rounds/2026-09-26T09%3A29%3A00%2B00%3A00/leaderboard,200,200
2026-09-26T08:17:00+00:00,https://api.theminos.ai/verification/round/2026-09-26T08%3A17%3A00%2B00%3A00,https://api.theminos.ai/scoring/rounds/2026-09-26T08%3A17%3A00%2B00%3A00/leaderboard,200,200
2026-09-26T07:05:00+00:00,https://api.theminos.ai/verification/round/2026-09-26T07%3A05%3A00%2B00%3A00,https://api.theminos.ai/scoring/rounds/2026-09-26T07%3A05%3A00%2B00%3A00/leaderboard,200,200
2026-09-26T05:53:00+00:00,https://api.theminos.ai/verification/round/2026-09-26T05%3A53%3A00%2B00%3A00,https://api.theminos.ai/scoring/rounds/2026-09-26T05%3A53%3A00%2B00%3A00/leaderboard,200,200
2026-09-26T04:41:00+00:00,https://api.theminos.ai/verification/round/2026-09-26T04%3A41%3A00%2B00%3A00,https://api.theminos.ai/scoring/rounds/2026-09-26T04%3A41%3A00%2B00%3A00/leaderboard,200,200
2026-09-26T03:29:00+00:00,https://api.theminos.ai/verification/round/2026-09-26T03%3A29%3A00%2B00%3A00,https://api.theminos.ai/scoring/rounds/2026-09-26T03%3A29%3A00%2B00%3A00/leaderboard,200,200
2026-09-26T02:17:00+00:00,https://api.theminos.ai/verification/round/2026-09-26T02%3A17%3A00%2B00%3A00,https://api.theminos.ai/scoring/rounds/2026-09-26T02%3A17%3A00%2B00%3A00/leaderboard,200,200
2026-09-26T01:05:00+00:00,https://api.theminos.ai/verification/round/2026-09-26T01%3A05%3A00%2B00%3A00,https://api.theminos.ai/scoring/rounds/2026-09-26T01%3A05%3A00%2B00%3A00/leaderboard,200,200
2026-09-25T23:53:00+00:00,https://api.theminos.ai/verification/round/2026-09-25T23%3A53%3A00%2B00%3A00,https://api.theminos.ai/scoring/rounds/2026-09-25T23%3A53%3A00%2B00%3A00/leaderboard,200,200
2026-09-25T22:41:00+00:00,https://api.theminos.ai/verification/round/2026-09-25T22%3A41%3A00%2B00%3A00,https://api.theminos.ai/scoring/rounds/2026-09-25T22%3A41%3A00%2B00%3A00/leaderboard,200,200
2026-09-25T21:29:00+00:00,https://api.theminos.ai/verification/round/2026-09-25T21%3A29%3A00%2B00%3A00,https://api.theminos.ai/scoring/rounds/2026-09-25T21%3A29%3A00%2B00%3A00/leaderboard,200,200
2026-09-25T20:17:00+00:00,https://api.theminos.ai/verification/round/2026-09-25T20%3A17%3A00%2B00%3A00,https://api.theminos.ai/scoring/rounds/2026-09-25T20%3A17%3A00%2B00%3A00/leaderboard,200,200
2026-09-25T19:05:00+00:00,https://api.theminos.ai/verification/round/2026-09-25T19%3A05%3A00%2B00%3A00,https://api.theminos.ai/scoring/rounds/2026-09-25T19%3A05%3A00%2B00%3A00/leaderboard,200,200
2026-09-25T17:53:00+00:00,https://api.theminos.ai/verification/round/2026-09-25T17%3A53%3A00%2B00%3A00,https://api.theminos.ai/scoring/rounds/2026-09-25T17%3A53%3A00%2B00%3A00/leaderboard,200,200
2026-09-25T16:41:00+00:00,https://api.theminos.ai/verification/round/2026-09-25T16%3A41%3A00%2B00%3A00,https://api.theminos.ai/scoring/rounds/2026-09-25T16%3A41%3A00%2B00%3A00/leaderboard,200,200
2026-09-25T15:29:00+00:00,https://api.theminos.ai/verification/round/2026-09-25T15%3A29%3A00%2B00%3A00,https://api.theminos.ai/scoring/rounds/2026-09-25T15%3A29%3A00%2B00%3A00/leaderboard,200,200
2026-09-25T14:17:00+00:00,https://api.theminos.ai/verification/round/2026-09-25T14%3A17%3A00%2B00%3A00,https://api.theminos.ai/scoring/rounds/2026-09-25T14%3A17%3A00%2B00%3A00/leaderboard,200,200
2026-09-25T13:05:00+00:00,https://api.theminos.ai/verification/round/2026-09-25T13%3A05%3A00%2B00%3A00,https://api.theminos.ai/scoring/rounds/2026-09-25T13%3A05%3A00%2B00%3A00/leaderboard,200,200
2026-09-25T11:53:00+00:00,https://api.theminos.ai/verification/round/2026-09-25T11%3A53%3A00%2B00%3A00,https://api.theminos.ai/scoring/rounds/2026-09-25T11%3A53%3A00%2B00%3A00/leaderboard,200,200
2026-09-25T10:41:00+00:00,https://api.theminos.ai/verification/round/2026-09-25T10%3A41%3A00%2B00%3A00,https://api.theminos.ai/scoring/rounds/2026-09-25T10%3A41%3A00%2B00%3A00/leaderboard,200,200
2026-09-25T09:29:00+00:00,https://api.theminos.ai/verification/round/2026-09-25T09%3A29%3A00%2B00%3A00,https://api.theminos.ai/scoring/rounds/2026-09-25T09%3A29%3A00%2B00%3A00/leaderboard,200,200
2026-09-25T08:17:00+00:00,https://api.theminos.ai/verification/round/2026-09-25T08%3A17%3A00%2B00%3A00,https://api.theminos.ai/scoring/rounds/2026-09-25T08%3A17%3A00%2B00%3A00/leaderboard,200,200
2026-09-25T07:05:00+00:00,https://api.theminos.ai/verification/round/2026-09-25T07%3A05%3A00%2B00%3A00,https://api.theminos.ai/scoring/rounds/2026-09-25T07%3A05%3A00%2B00%3A00/leaderboard,200,200
2026-09-25T05:53:00+00:00,https://api.theminos.ai/verification/round/2026-09-25T05%3A53%3A00%2B00%3A00,https://api.theminos.ai/scoring/rounds/2026-09-25T05%3A53%3A00%2B00%3A00/leaderboard,200,200
2026-09-25T04:41:00+00:00,https://api.theminos.ai/verification/round/2026-09-25T04%3A41%3A00%2B00%3A00,https://api.theminos.ai/scoring/rounds/2026-09-25T04%3A41%3A00%2B00%3A00/leaderboard,200,200
2026-09-25T03:29:00+00:00,https://api.theminos.ai/verification/round/2026-09-25T03%3A29%3A00%2B00%3A00,https://api.theminos.ai/scoring/rounds/2026-09-25T03%3A29%3A00%2B00%3A00/leaderboard,200,200
2026-09-25T02:17:00+00:00,https://api.theminos.ai/verification/round/2026-09-25T02%3A17%3A00%2B00%3A00,https://api.theminos.ai/scoring/rounds/2026-09-25T02%3A17%3A00%2B00%3A00/leaderboard,200,200
2026-09-25T01:05:00+00:00,https://api.theminos.ai/verification/round/2026-09-25T01%3A05%3A00%2B00%3A00,https://api.theminos.ai/scoring/rounds/2026-09-25T01%3A05%3A00%2B00%3A00/leaderboard,200,200
2026-09-24T23:53:00+00:00,https://api.theminos.ai/verification/round/2026-09-24T23%3A53%3A00%2B00%3A00,https://api.theminos.ai/scoring/rounds/2026-09-24T23%3A53%3A00%2B00%3A00/leaderboard,200,200
2026-09-24T22:41:00+00:00,https://api.theminos.ai/verification/round/2026-09-24T22%3A41%3A00%2B00%3A00,https://api.theminos.ai/scoring/rounds/2026-09-24T22%3A41%3A00%2B00%3A00/leaderboard,200,200
2026-09-24T21:29:00+00:00,https://api.theminos.ai/verification/round/2026-09-24T21%3A29%3A00%2B00%3A00,https://api.theminos.ai/scoring/rounds/2026-09-24T21%3A29%3A00%2B00%3A00/leaderboard,200,200
2026-09-24T20:17:00+00:00,https://api.theminos.ai/verification/round/2026-09-24T20%3A17%3A00%2B00%3A00,https://api.theminos.ai/scoring/rounds/2026-09-24T20%3A17%3A00%2B00%3A00/leaderboard,200,200
2026-09-24T19:05:00+00:00,https://api.theminos.ai/verification/round/2026-09-24T19%3A05%3A00%2B00%3A00,https://api.theminos.ai/scoring/rounds/2026-09-24T19%3A05%3A00%2B00%3A00/leaderboard,200,200
2026-09-24T17:53:00+00:00,https://api.theminos.ai/verification/round/2026-09-24T17%3A53%3A00%2B00%3A00,https://api.theminos.ai/scoring/rounds/2026-09-24T17%3A53%3A00%2B00%3A00/leaderboard,200,200
2026-09-24T16:41:00+00:00,https://api.theminos.ai/verification/round/2026-09-24T16%3A41%3A00%2B00%3A00,https://api.theminos.ai/scoring/rounds/2026-09-24T16%3A41%3A00%2B00%3A00/leaderboard,200,200
2026-09-24T15:29:00+00:00,https://api.theminos.ai/verification/round/2026-09-24T15%3A29%3A00%2B00%3A00,https://api.theminos.ai/scoring/rounds/2026-09-24T15%3A29%3A00%2B00%3A00/leaderboard,200,200
2026-09-24T14:17:00+00:00,https://api.theminos.ai/verification/round/2026-09-24T14%3A17%3A00%2B00%3A00,https://api.theminos.ai/scoring/rounds/2026-09-24T14%3A17%3A00%2B00%3A00/leaderboard,200,200
2026-09-24T13:05:00+00:00,https://api.theminos.ai/verification/round/2026-09-24T13%3A05%3A00%2B00%3A00,https://api.theminos.ai/scoring/rounds/2026-09-24T13%3A05%3A00%2B00%3A00/leaderboard,200,200
2026-09-24T11:53:00+00:00,https://api.theminos.ai/verification/round/2026-09-24T11%3A53%3A00%2B00%3A00,https://api.theminos.ai/scoring/rounds/2026-09-24T11%3A53%3A00%2B00%3A00/leaderboard,200,200
2026-09-24T10:41:00+00:00,https://api.theminos.ai/verification/round/2026-09-24T10%3A41%3A00%2B00%3A00,https://api.theminos.ai/scoring/rounds/2026-09-24T10%3A41%3A00%2B00%3A00/leaderboard,200,200
2026-09-24T09:29:00+00:00,https://api.theminos.ai/verification/round/2026-09-24T09%3A29%3A00%2B00%3A00,https://api.theminos.ai/scoring/rounds/2026-09-24T09%3A29%3A00%2B00%3A00/leaderboard,200,200
2026-09-24T08:17:00+00:00,https://api.theminos.ai/verification/round/2026-09-24T08%3A17%3A00%2B00%3A00,https://api.theminos.ai/scoring/rounds/2026-09-24T08%3A17%3A00%2B00%3A00/leaderboard,200,200
2026-09-24T07:05:00+00:00,https://api.theminos.ai/verification/round/2026-09-24T07%3A05%3A00%2B00%3A00,https://api.theminos.ai/scoring/rounds/2026-09-24T07%3A05%3A00%2B00%3A00/leaderboard,200,200
2026-09-24T05:53:00+00:00,https://api.theminos.ai/verification/round/2026-09-24T05%3A53%3A00%2B00%3A00,https://api.theminos.ai/scoring/rounds/2026-09-24T05%3A53%3A00%2B00%3A00/leaderboard,200,200
2026-09-24T04:41:00+00:00,https://api.theminos.ai/verification/round/2026-09-24T04%3A41%3A00%2B00%3A00,https://api.theminos.ai/scoring/rounds/2026-09-24T04%3A41%3A00%2B00%3A00/leaderboard,200,200
2026-09-24T03:29:00+00:00,https://api.theminos.ai/verification/round/2026-09-24T03%3A29%3A00%2B00%3A00,https://api.theminos.ai/scoring/rounds/2026-09-24T03%3A29%3A00%2B00%3A00/leaderboard,200,200
2026-09-24T02:17:00+00:00,https://api.theminos.ai/verification/round/2026-09-24T02%3A17%3A00%2B00%3A00,https://api.theminos.ai/scoring/rounds/2026-09-24T02%3A17%3A00%2B00%3A00/leaderboard,200,200
2026-09-24T01:05:00+00:00,https://api.theminos.ai/verification/round/2026-09-24T01%3A05%3A00%2B00%3A00,https://api.theminos.ai/scoring/rounds/2026-09-24T01%3A05%3A00%2B00%3A00/leaderboard,200,200
2026-09-23T23:53:00+00:00,https://api.theminos.ai/verification/round/2026-09-23T23%3A53%3A00%2B00%3A00,https://api.theminos.ai/scoring/rounds/2026-09-23T23%3A53%3A00%2B00%3A00/leaderboard,200,200
2026-09-23T22:41:00+00:00,https://api.theminos.ai/verification/round/2026-09-23T22%3A41%3A00%2B00%3A00,https://api.theminos.ai/scoring/rounds/2026-09-23T22%3A41%3A00%2B00%3A00/leaderboard,200,200
2026-09-23T21:29:00+00:00,https://api.theminos.ai/verification/round/2026-09-23T21%3A29%3A00%2B00%3A00,https://api.theminos.ai/scoring/rounds/2026-09-23T21%3A29%3A00%2B00%3A00/leaderboard,200,200
2026-09-23T20:17:00+00:00,https://api.theminos.ai/verification/round/2026-09-23T20%3A17%3A00%2B00%3A00,https://api.theminos.ai/scoring/rounds/2026-09-23T20%3A17%3A00%2B00%3A00/leaderboard,200,200
2026-09-23T19:05:00+00:00,https://api.theminos.ai/verification/round/2026-09-23T19%3A05%3A00%2B00%3A00,https://api.theminos.ai/scoring/rounds/2026-09-23T19%3A05%3A00%2B00%3A00/leaderboard,200,200
2026-09-23T17:53:00+00:00,https://api.theminos.ai/verification/round/2026-09-23T17%3A53%3A00%2B00%3A00,https://api.theminos.ai/scoring/rounds/2026-09-23T17%3A53%3A00%2B00%3A00/leaderboard,200,200
2026-09-23T16:41:00+00:00,https://api.theminos.ai/verification/round/2026-09-23T16%3A41%3A00%2B00%3A00,https://api.theminos.ai/scoring/rounds/2026-09-23T16%3A41%3A00%2B00%3A00/leaderboard,200,200
2026-09-23T15:28:00+00:00,https://api.theminos.ai/verification/round/2026-09-23T15%3A28%3A00%2B00%3A00,https://api.theminos.ai/scoring/rounds/2026-09-23T15%3A28%3A00%2B00%3A00/leaderboard,200,200
2026-09-23T14:16:00+00:00,https://api.theminos.ai/verification/round/2026-09-23T14%3A16%3A00%2B00%3A00,https://api.theminos.ai/scoring/rounds/2026-09-23T14%3A16%3A00%2B00%3A00/leaderboard,200,200
2026-09-23T13:04:00+00:00,https://api.theminos.ai/verification/round/2026-09-23T13%3A04%3A00%2B00%3A00,https://api.theminos.ai/scoring/rounds/2026-09-23T13%3A04%3A00%2B00%3A00/leaderboard,200,200
2026-09-23T11:52:00+00:00,https://api.theminos.ai/verification/round/2026-09-23T11%3A52%3A00%2B00%3A00,https://api.theminos.ai/scoring/rounds/2026-09-23T11%3A52%3A00%2B00%3A00/leaderboard,200,200
2026-09-23T10:40:00+00:00,https://api.theminos.ai/verification/round/2026-09-23T10%3A40%3A00%2B00%3A00,https://api.theminos.ai/scoring/rounds/2026-09-23T10%3A40%3A00%2B00%3A00/leaderboard,200,200
2026-09-23T09:27:00+00:00,https://api.theminos.ai/verification/round/2026-09-23T09%3A27%3A00%2B00%3A00,https://api.theminos.ai/scoring/rounds/2026-09-23T09%3A27%3A00%2B00%3A00/leaderboard,200,200
2026-09-23T08:15:00+00:00,https://api.theminos.ai/verification/round/2026-09-23T08%3A15%3A00%2B00%3A00,https://api.theminos.ai/scoring/rounds/2026-09-23T08%3A15%3A00%2B00%3A00/leaderboard,200,200
2026-09-23T07:03:00+00:00,https://api.theminos.ai/verification/round/2026-09-23T07%3A03%3A00%2B00%3A00,https://api.theminos.ai/scoring/rounds/2026-09-23T07%3A03%3A00%2B00%3A00/leaderboard,200,200
2026-09-23T05:51:00+00:00,https://api.theminos.ai/verification/round/2026-09-23T05%3A51%3A00%2B00%3A00,https://api.theminos.ai/scoring/rounds/2026-09-23T05%3A51%3A00%2B00%3A00/leaderboard,200,200
2026-09-23T04:39:00+00:00,https://api.theminos.ai/verification/round/2026-09-23T04%3A39%3A00%2B00%3A00,https://api.theminos.ai/scoring/rounds/2026-09-23T04%3A39%3A00%2B00%3A00/leaderboard,200,200
2026-09-23T03:27:00+00:00,https://api.theminos.ai/verification/round/2026-09-23T03%3A27%3A00%2B00%3A00,https://api.theminos.ai/scoring/rounds/2026-09-23T03%3A27%3A00%2B00%3A00/leaderboard,200,200
2026-09-23T02:15:00+00:00,https://api.theminos.ai/verification/round/2026-09-23T02%3A15%3A00%2B00%3A00,https://api.theminos.ai/scoring/rounds/2026-09-23T02%3A15%3A00%2B00%3A00/leaderboard,200,200
2026-09-23T01:03:00+00:00,https://api.theminos.ai/verification/round/2026-09-23T01%3A03%3A00%2B00%3A00,https://api.theminos.ai/scoring/rounds/2026-09-23T01%3A03%3A00%2B00%3A00/leaderboard,200,200
2026-09-22T23:51:00+00:00,https://api.theminos.ai/verification/round/2026-09-22T23%3A51%3A00%2B00%3A00,https://api.theminos.ai/scoring/rounds/2026-09-22T23%3A51%3A00%2B00%3A00/leaderboard,200,200
2026-09-22T22:39:00+00:00,https://api.theminos.ai/verification/round/2026-09-22T22%3A39%3A00%2B00%3A00,https://api.theminos.ai/scoring/rounds/2026-09-22T22%3A39%3A00%2B00%3A00/leaderboard,200,200
2026-09-22T21:27:00+00:00,https://api.theminos.ai/verification/round/2026-09-22T21%3A27%3A00%2B00%3A00,https://api.theminos.ai/scoring/rounds/2026-09-22T21%3A27%3A00%2B00%3A00/leaderboard,200,200
2026-09-22T20:15:00+00:00,https://api.theminos.ai/verification/round/2026-09-22T20%3A15%3A00%2B00%3A00,https://api.theminos.ai/scoring/rounds/2026-09-22T20%3A15%3A00%2B00%3A00/leaderboard,200,200
2026-09-22T19:03:00+00:00,https://api.theminos.ai/verification/round/2026-09-22T19%3A03%3A00%2B00%3A00,https://api.theminos.ai/scoring/rounds/2026-09-22T19%3A03%3A00%2B00%3A00/leaderboard,200,200
2026-09-22T17:51:00+00:00,https://api.theminos.ai/verification/round/2026-09-22T17%3A51%3A00%2B00%3A00,https://api.theminos.ai/scoring/rounds/2026-09-22T17%3A51%3A00%2B00%3A00/leaderboard,200,200
2026-09-22T16:39:00+00:00,https://api.theminos.ai/verification/round/2026-09-22T16%3A39%3A00%2B00%3A00,https://api.theminos.ai/scoring/rounds/2026-09-22T16%3A39%3A00%2B00%3A00/leaderboard,200,200
2026-09-22T15:27:00+00:00,https://api.theminos.ai/verification/round/2026-09-22T15%3A27%3A00%2B00%3A00,https://api.theminos.ai/scoring/rounds/2026-09-22T15%3A27%3A00%2B00%3A00/leaderboard,200,200
2026-09-22T14:15:00+00:00,https://api.theminos.ai/verification/round/2026-09-22T14%3A15%3A00%2B00%3A00,https://api.theminos.ai/scoring/rounds/2026-09-22T14%3A15%3A00%2B00%3A00/leaderboard,200,200
2026-09-22T13:03:00+00:00,https://api.theminos.ai/verification/round/2026-09-22T13%3A03%3A00%2B00%3A00,https://api.theminos.ai/scoring/rounds/2026-09-22T13%3A03%3A00%2B00%3A00/leaderboard,200,200
2026-09-22T11:51:00+00:00,https://api.theminos.ai/verification/round/2026-09-22T11%3A51%3A00%2B00%3A00,https://api.theminos.ai/scoring/rounds/2026-09-22T11%3A51%3A00%2B00%3A00/leaderboard,200,200
2026-09-22T10:39:00+00:00,https://api.theminos.ai/verification/round/2026-09-22T10%3A39%3A00%2B00%3A00,https://api.theminos.ai/scoring/rounds/2026-09-22T10%3A39%3A00%2B00%3A00/leaderboard,200,200
2026-09-22T09:27:00+00:00,https://api.theminos.ai/verification/round/2026-09-22T09%3A27%3A00%2B00%3A00,https://api.theminos.ai/scoring/rounds/2026-09-22T09%3A27%3A00%2B00%3A00/leaderboard,200,200
2026-09-22T08:15:00+00:00,https://api.theminos.ai/verification/round/2026-09-22T08%3A15%3A00%2B00%3A00,https://api.theminos.ai/scoring/rounds/2026-09-22T08%3A15%3A00%2B00%3A00/leaderboard,200,200
2026-09-22T07:03:00+00:00,https://api.theminos.ai/verification/round/2026-09-22T07%3A03%3A00%2B00%3A00,https://api.theminos.ai/scoring/rounds/2026-09-22T07%3A03%3A00%2B00%3A00/leaderboard,200,200
2026-09-22T05:51:00+00:00,https://api.theminos.ai/verification/round/2026-09-22T05%3A51%3A00%2B00%3A00,https://api.theminos.ai/scoring/rounds/2026-09-22T05%3A51%3A00%2B00%3A00/leaderboard,200,200
2026-09-22T04:39:00+00:00,https://api.theminos.ai/verification/round/2026-09-22T04%3A39%3A00%2B00%3A00,https://api.theminos.ai/scoring/rounds/2026-09-22T04%3A39%3A00%2B00%3A00/leaderboard,200,200
2026-09-22T03:27:00+00:00,https://api.theminos.ai/verification/round/2026-09-22T03%3A27%3A00%2B00%3A00,https://api.theminos.ai/scoring/rounds/2026-09-22T03%3A27%3A00%2B00%3A00/leaderboard,200,200
2026-09-22T02:15:00+00:00,https://api.theminos.ai/verification/round/2026-09-22T02%3A15%3A00%2B00%3A00,https://api.theminos.ai/scoring/rounds/2026-09-22T02%3A15%3A00%2B00%3A00/leaderboard,200,200
2026-09-22T01:03:00+00:00,https://api.theminos.ai/verification/round/2026-09-22T01%3A03%3A00%2B00%3A00,https://api.theminos.ai/scoring/rounds/2026-09-22T01%3A03%3A00%2B00%3A00/leaderboard,200,200
2026-09-21T23:51:00+00:00,https://api.theminos.ai/verification/round/2026-09-21T23%3A51%3A00%2B00%3A00,https://api.theminos.ai/scoring/rounds/2026-09-21T23%3A51%3A00%2B00%3A00/leaderboard,200,200
2026-09-21T22:39:00+00:00,https://api.theminos.ai/verification/round/2026-09-21T22%3A39%3A00%2B00%3A00,https://api.theminos.ai/scoring/rounds/2026-09-21T22%3A39%3A00%2B00%3A00/leaderboard,200,200
2026-09-21T21:27:00+00:00,https://api.theminos.ai/verification/round/2026-09-21T21%3A27%3A00%2B00%3A00,https://api.theminos.ai/scoring/rounds/2026-09-21T21%3A27%3A00%2B00%3A00/leaderboard,200,200
2026-09-21T20:15:00+00:00,https://api.theminos.ai/verification/round/2026-09-21T20%3A15%3A00%2B00%3A00,https://api.theminos.ai/scoring/rounds/2026-09-21T20%3A15%3A00%2B00%3A00/leaderboard,200,200
2026-09-21T19:03:00+00:00,https://api.theminos.ai/verification/round/2026-09-21T19%3A03%3A00%2B00%3A00,https://api.theminos.ai/scoring/rounds/2026-09-21T19%3A03%3A00%2B00%3A00/leaderboard,200,200
2026-09-21T17:51:00+00:00,https://api.theminos.ai/verification/round/2026-09-21T17%3A51%3A00%2B00%3A00,https://api.theminos.ai/scoring/rounds/2026-09-21T17%3A51%3A00%2B00%3A00/leaderboard,200,200
2026-09-21T16:39:00+00:00,https://api.theminos.ai/verification/round/2026-09-21T16%3A39%3A00%2B00%3A00,https://api.theminos.ai/scoring/rounds/2026-09-21T16%3A39%3A00%2B00%3A00/leaderboard,200,200
2026-09-21T15:27:00+00:00,https://api.theminos.ai/verification/round/2026-09-21T15%3A27%3A00%2B00%3A00,https://api.theminos.ai/scoring/rounds/2026-09-21T15%3A27%3A00%2B00%3A00/leaderboard,200,200
2026-09-21T14:15:00+00:00,https://api.theminos.ai/verification/round/2026-09-21T14%3A15%3A00%2B00%3A00,https://api.theminos.ai/scoring/rounds/2026-09-21T14%3A15%3A00%2B00%3A00/leaderboard,200,200
2026-09-21T13:03:00+00:00,https://api.theminos.ai/verification/round/2026-09-21T13%3A03%3A00%2B00%3A00,https://api.theminos.ai/scoring/rounds/2026-09-21T13%3A03%3A00%2B00%3A00/leaderboard,200,200
2026-09-21T11:51:00+00:00,https://api.theminos.ai/verification/round/2026-09-21T11%3A51%3A00%2B00%3A00,https://api.theminos.ai/scoring/rounds/2026-09-21T11%3A51%3A00%2B00%3A00/leaderboard,200,200
2026-09-21T10:39:00+00:00,https://api.theminos.ai/verification/round/2026-09-21T10%3A39%3A00%2B00%3A00,https://api.theminos.ai/scoring/rounds/2026-09-21T10%3A39%3A00%2B00%3A00/leaderboard,200,200
2026-09-21T09:27:00+00:00,https://api.theminos.ai/verification/round/2026-09-21T09%3A27%3A00%2B00%3A00,https://api.theminos.ai/scoring/rounds/2026-09-21T09%3A27%3A00%2B00%3A00/leaderboard,200,200
2026-09-21T08:15:00+00:00,https://api.theminos.ai/verification/round/2026-09-21T08%3A15%3A00%2B00%3A00,https://api.theminos.ai/scoring/rounds/2026-09-21T08%3A15%3A00%2B00%3A00/leaderboard,200,200
2026-09-21T07:03:00+00:00,https://api.theminos.ai/verification/round/2026-09-21T07%3A03%3A00%2B00%3A00,https://api.theminos.ai/scoring/rounds/2026-09-21T07%3A03%3A00%2B00%3A00/leaderboard,200,200
2026-09-21T05:51:00+00:00,https://api.theminos.ai/verification/round/2026-09-21T05%3A51%3A00%2B00%3A00,https://api.theminos.ai/scoring/rounds/2026-09-21T05%3A51%3A00%2B00%3A00/leaderboard,200,200
2026-09-21T04:39:00+00:00,https://api.theminos.ai/verification/round/2026-09-21T04%3A39%3A00%2B00%3A00,https://api.theminos.ai/scoring/rounds/2026-09-21T04%3A39%3A00%2B00%3A00/leaderboard,200,200
2026-09-21T03:27:00+00:00,https://api.theminos.ai/verification/round/2026-09-21T03%3A27%3A00%2B00%3A00,https://api.theminos.ai/scoring/rounds/2026-09-21T03%3A27%3A00%2B00%3A00/leaderboard,200,200
2026-09-21T02:15:00+00:00,https://api.theminos.ai/verification/round/2026-09-21T02%3A15%3A00%2B00%3A00,https://api.theminos.ai/scoring/rounds/2026-09-21T02%3A15%3A00%2B00%3A00/leaderboard,200,200
2026-09-21T01:03:00+00:00,https://api.theminos.ai/verification/round/2026-09-21T01%3A03%3A00%2B00%3A00,https://api.theminos.ai/scoring/rounds/2026-09-21T01%3A03%3A00%2B00%3A00/leaderboard,200,200
2026-09-20T23:51:00+00:00,https://api.theminos.ai/verification/round/2026-09-20T23%3A51%3A00%2B00%3A00,https://api.theminos.ai/scoring/rounds/2026-09-20T23%3A51%3A00%2B00%3A00/leaderboard,200,200
2026-09-20T22:39:00+00:00,https://api.theminos.ai/verification/round/2026-09-20T22%3A39%3A00%2B00%3A00,https://api.theminos.ai/scoring/rounds/2026-09-20T22%3A39%3A00%2B00%3A00/leaderboard,200,200
2026-09-20T21:27:00+00:00,https://api.theminos.ai/verification/round/2026-09-20T21%3A27%3A00%2B00%3A00,https://api.theminos.ai/scoring/rounds/2026-09-20T21%3A27%3A00%2B00%3A00/leaderboard,200,200
2026-09-20T20:15:00+00:00,https://api.theminos.ai/verification/round/2026-09-20T20%3A15%3A00%2B00%3A00,https://api.theminos.ai/scoring/rounds/2026-09-20T20%3A15%3A00%2B00%3A00/leaderboard,200,200
2026-09-20T19:03:00+00:00,https://api.theminos.ai/verification/round/2026-09-20T19%3A03%3A00%2B00%3A00,https://api.theminos.ai/scoring/rounds/2026-09-20T19%3A03%3A00%2B00%3A00/leaderboard,200,200
2026-09-20T17:50:00+00:00,https://api.theminos.ai/verification/round/2026-09-20T17%3A50%3A00%2B00%3A00,https://api.theminos.ai/scoring/rounds/2026-09-20T17%3A50%3A00%2B00%3A00/leaderboard,200,200
2026-09-20T16:38:00+00:00,https://api.theminos.ai/verification/round/2026-09-20T16%3A38%3A00%2B00%3A00,https://api.theminos.ai/scoring/rounds/2026-09-20T16%3A38%3A00%2B00%3A00/leaderboard,200,200
2026-09-20T15:24:00+00:00,https://api.theminos.ai/verification/round/2026-09-20T15%3A24%3A00%2B00%3A00,https://api.theminos.ai/scoring/rounds/2026-09-20T15%3A24%3A00%2B00%3A00/leaderboard,200,200
2026-09-20T14:12:00+00:00,https://api.theminos.ai/verification/round/2026-09-20T14%3A12%3A00%2B00%3A00,https://api.theminos.ai/scoring/rounds/2026-09-20T14%3A12%3A00%2B00%3A00/leaderboard,200,200
2026-09-20T12:58:00+00:00,https://api.theminos.ai/verification/round/2026-09-20T12%3A58%3A00%2B00%3A00,https://api.theminos.ai/scoring/rounds/2026-09-20T12%3A58%3A00%2B00%3A00/leaderboard,200,200
2026-09-20T11:45:00+00:00,https://api.theminos.ai/verification/round/2026-09-20T11%3A45%3A00%2B00%3A00,https://api.theminos.ai/scoring/rounds/2026-09-20T11%3A45%3A00%2B00%3A00/leaderboard,200,200
2026-09-20T10:32:00+00:00,https://api.theminos.ai/verification/round/2026-09-20T10%3A32%3A00%2B00%3A00,https://api.theminos.ai/scoring/rounds/2026-09-20T10%3A32%3A00%2B00%3A00/leaderboard,200,200
2026-09-20T09:18:00+00:00,https://api.theminos.ai/verification/round/2026-09-20T09%3A18%3A00%2B00%3A00,https://api.theminos.ai/scoring/rounds/2026-09-20T09%3A18%3A00%2B00%3A00/leaderboard,200,200
2026-09-20T08:06:00+00:00,https://api.theminos.ai/verification/round/2026-09-20T08%3A06%3A00%2B00%3A00,https://api.theminos.ai/scoring/rounds/2026-09-20T08%3A06%3A00%2B00%3A00/leaderboard,200,200
2026-09-20T06:53:00+00:00,https://api.theminos.ai/verification/round/2026-09-20T06%3A53%3A00%2B00%3A00,https://api.theminos.ai/scoring/rounds/2026-09-20T06%3A53%3A00%2B00%3A00/leaderboard,200,200
2026-09-20T05:40:00+00:00,https://api.theminos.ai/verification/round/2026-09-20T05%3A40%3A00%2B00%3A00,https://api.theminos.ai/scoring/rounds/2026-09-20T05%3A40%3A00%2B00%3A00/leaderboard,200,200
2026-09-20T04:26:00+00:00,https://api.theminos.ai/verification/round/2026-09-20T04%3A26%3A00%2B00%3A00,https://api.theminos.ai/scoring/rounds/2026-09-20T04%3A26%3A00%2B00%3A00/leaderboard,200,200
2026-09-20T03:14:00+00:00,https://api.theminos.ai/verification/round/2026-09-20T03%3A14%3A00%2B00%3A00,https://api.theminos.ai/scoring/rounds/2026-09-20T03%3A14%3A00%2B00%3A00/leaderboard,200,200
2026-09-20T02:00:00+00:00,https://api.theminos.ai/verification/round/2026-09-20T02%3A00%3A00%2B00%3A00,https://api.theminos.ai/scoring/rounds/2026-09-20T02%3A00%3A00%2B00%3A00/leaderboard,200,200
2026-09-20T00:48:00+00:00,https://api.theminos.ai/verification/round/2026-09-20T00%3A48%3A00%2B00%3A00,https://api.theminos.ai/scoring/rounds/2026-09-20T00%3A48%3A00%2B00%3A00/leaderboard,200,200
2026-09-19T23:35:00+00:00,https://api.theminos.ai/verification/round/2026-09-19T23%3A35%3A00%2B00%3A00,https://api.theminos.ai/scoring/rounds/2026-09-19T23%3A35%3A00%2B00%3A00/leaderboard,200,200
2026-09-19T22:22:00+00:00,https://api.theminos.ai/verification/round/2026-09-19T22%3A22%3A00%2B00%3A00,https://api.theminos.ai/scoring/rounds/2026-09-19T22%3A22%3A00%2B00%3A00/leaderboard,200,200
2026-09-19T21:09:00+00:00,https://api.theminos.ai/verification/round/2026-09-19T21%3A09%3A00%2B00%3A00,https://api.theminos.ai/scoring/rounds/2026-09-19T21%3A09%3A00%2B00%3A00/leaderboard,200,200
2026-09-19T19:57:00+00:00,https://api.theminos.ai/verification/round/2026-09-19T19%3A57%3A00%2B00%3A00,https://api.theminos.ai/scoring/rounds/2026-09-19T19%3A57%3A00%2B00%3A00/leaderboard,200,200
2026-09-19T18:43:00+00:00,https://api.theminos.ai/verification/round/2026-09-19T18%3A43%3A00%2B00%3A00,https://api.theminos.ai/scoring/rounds/2026-09-19T18%3A43%3A00%2B00%3A00/leaderboard,200,200
2026-09-19T17:31:00+00:00,https://api.theminos.ai/verification/round/2026-09-19T17%3A31%3A00%2B00%3A00,https://api.theminos.ai/scoring/rounds/2026-09-19T17%3A31%3A00%2B00%3A00/leaderboard,200,200
2026-09-19T16:18:00+00:00,https://api.theminos.ai/verification/round/2026-09-19T16%3A18%3A00%2B00%3A00,https://api.theminos.ai/scoring/rounds/2026-09-19T16%3A18%3A00%2B00%3A00/leaderboard,200,200
2026-09-19T15:04:00+00:00,https://api.theminos.ai/verification/round/2026-09-19T15%3A04%3A00%2B00%3A00,https://api.theminos.ai/scoring/rounds/2026-09-19T15%3A04%3A00%2B00%3A00/leaderboard,200,200
2026-09-19T13:52:00+00:00,https://api.theminos.ai/verification/round/2026-09-19T13%3A52%3A00%2B00%3A00,https://api.theminos.ai/scoring/rounds/2026-09-19T13%3A52%3A00%2B00%3A00/leaderboard,200,200
2026-09-19T12:39:00+00:00,https://api.theminos.ai/verification/round/2026-09-19T12%3A39%3A00%2B00%3A00,https://api.theminos.ai/scoring/rounds/2026-09-19T12%3A39%3A00%2B00%3A00/leaderboard,200,200
2026-09-19T11:26:00+00:00,https://api.theminos.ai/verification/round/2026-09-19T11%3A26%3A00%2B00%3A00,https://api.theminos.ai/scoring/rounds/2026-09-19T11%3A26%3A00%2B00%3A00/leaderboard,200,200
2026-09-19T10:12:00+00:00,https://api.theminos.ai/verification/round/2026-09-19T10%3A12%3A00%2B00%3A00,https://api.theminos.ai/scoring/rounds/2026-09-19T10%3A12%3A00%2B00%3A00/leaderboard,200,200
2026-09-19T08:59:00+00:00,https://api.theminos.ai/verification/round/2026-09-19T08%3A59%3A00%2B00%3A00,https://api.theminos.ai/scoring/rounds/2026-09-19T08%3A59%3A00%2B00%3A00/leaderboard,200,200
2026-09-19T07:46:00+00:00,https://api.theminos.ai/verification/round/2026-09-19T07%3A46%3A00%2B00%3A00,https://api.theminos.ai/scoring/rounds/2026-09-19T07%3A46%3A00%2B00%3A00/leaderboard,200,200
2026-09-19T06:33:00+00:00,https://api.theminos.ai/verification/round/2026-09-19T06%3A33%3A00%2B00%3A00,https://api.theminos.ai/scoring/rounds/2026-09-19T06%3A33%3A00%2B00%3A00/leaderboard,200,200
2026-09-19T05:20:00+00:00,https://api.theminos.ai/verification/round/2026-09-19T05%3A20%3A00%2B00%3A00,https://api.theminos.ai/scoring/rounds/2026-09-19T05%3A20%3A00%2B00%3A00/leaderboard,200,200
2026-09-19T04:08:00+00:00,https://api.theminos.ai/verification/round/2026-09-19T04%3A08%3A00%2B00%3A00,https://api.theminos.ai/scoring/rounds/2026-09-19T04%3A08%3A00%2B00%3A00/leaderboard,200,200
2026-09-19T02:55:00+00:00,https://api.theminos.ai/verification/round/2026-09-19T02%3A55%3A00%2B00%3A00,https://api.theminos.ai/scoring/rounds/2026-09-19T02%3A55%3A00%2B00%3A00/leaderboard,200,200
2026-09-19T01:42:00+00:00,https://api.theminos.ai/verification/round/2026-09-19T01%3A42%3A00%2B00%3A00,https://api.theminos.ai/scoring/rounds/2026-09-19T01%3A42%3A00%2B00%3A00/leaderboard,200,200
2026-09-19T00:30:00+00:00,https://api.theminos.ai/verification/round/2026-09-19T00%3A30%3A00%2B00%3A00,https://api.theminos.ai/scoring/rounds/2026-09-19T00%3A30%3A00%2B00%3A00/leaderboard,200,200
2026-09-18T23:17:00+00:00,https://api.theminos.ai/verification/round/2026-09-18T23%3A17%3A00%2B00%3A00,https://api.theminos.ai/scoring/rounds/2026-09-18T23%3A17%3A00%2B00%3A00/leaderboard,200,200
2026-09-18T22:04:00+00:00,https://api.theminos.ai/verification/round/2026-09-18T22%3A04%3A00%2B00%3A00,https://api.theminos.ai/scoring/rounds/2026-09-18T22%3A04%3A00%2B00%3A00/leaderboard,200,200
2026-09-18T20:52:00+00:00,https://api.theminos.ai/verification/round/2026-09-18T20%3A52%3A00%2B00%3A00,https://api.theminos.ai/scoring/rounds/2026-09-18T20%3A52%3A00%2B00%3A00/leaderboard,200,200
2026-09-18T19:39:00+00:00,https://api.theminos.ai/verification/round/2026-09-18T19%3A39%3A00%2B00%3A00,https://api.theminos.ai/scoring/rounds/2026-09-18T19%3A39%3A00%2B00%3A00/leaderboard,200,200
2026-09-18T18:27:00+00:00,https://api.theminos.ai/verification/round/2026-09-18T18%3A27%3A00%2B00%3A00,https://api.theminos.ai/scoring/rounds/2026-09-18T18%3A27%3A00%2B00%3A00/leaderboard,200,200
2026-09-18T17:14:00+00:00,https://api.theminos.ai/verification/round/2026-09-18T17%3A14%3A00%2B00%3A00,https://api.theminos.ai/scoring/rounds/2026-09-18T17%3A14%3A00%2B00%3A00/leaderboard,200,200
2026-09-18T16:01:00+00:00,https://api.theminos.ai/verification/round/2026-09-18T16%3A01%3A00%2B00%3A00,https://api.theminos.ai/scoring/rounds/2026-09-18T16%3A01%3A00%2B00%3A00/leaderboard,200,200
2026-09-18T14:48:00+00:00,https://api.theminos.ai/verification/round/2026-09-18T14%3A48%3A00%2B00%3A00,https://api.theminos.ai/scoring/rounds/2026-09-18T14%3A48%3A00%2B00%3A00/leaderboard,200,200
2026-09-18T13:35:00+00:00,https://api.theminos.ai/verification/round/2026-09-18T13%3A35%3A00%2B00%3A00,https://api.theminos.ai/scoring/rounds/2026-09-18T13%3A35%3A00%2B00%3A00/leaderboard,200,200
2026-09-18T12:23:00+00:00,https://api.theminos.ai/verification/round/2026-09-18T12%3A23%3A00%2B00%3A00,https://api.theminos.ai/scoring/rounds/2026-09-18T12%3A23%3A00%2B00%3A00/leaderboard,200,200
2026-09-18T11:11:00+00:00,https://api.theminos.ai/verification/round/2026-09-18T11%3A11%3A00%2B00%3A00,https://api.theminos.ai/scoring/rounds/2026-09-18T11%3A11%3A00%2B00%3A00/leaderboard,200,200
2026-09-18T09:57:00+00:00,https://api.theminos.ai/verification/round/2026-09-18T09%3A57%3A00%2B00%3A00,https://api.theminos.ai/scoring/rounds/2026-09-18T09%3A57%3A00%2B00%3A00/leaderboard,200,200
2026-09-18T08:45:00+00:00,https://api.theminos.ai/verification/round/2026-09-18T08%3A45%3A00%2B00%3A00,https://api.theminos.ai/scoring/rounds/2026-09-18T08%3A45%3A00%2B00%3A00/leaderboard,200,200
2026-09-18T07:33:00+00:00,https://api.theminos.ai/verification/round/2026-09-18T07%3A33%3A00%2B00%3A00,https://api.theminos.ai/scoring/rounds/2026-09-18T07%3A33%3A00%2B00%3A00/leaderboard,200,200
2026-09-18T06:21:00+00:00,https://api.theminos.ai/verification/round/2026-09-18T06%3A21%3A00%2B00%3A00,https://api.theminos.ai/scoring/rounds/2026-09-18T06%3A21%3A00%2B00%3A00/leaderboard,200,200
2026-09-18T05:08:00+00:00,https://api.theminos.ai/verification/round/2026-09-18T05%3A08%3A00%2B00%3A00,https://api.theminos.ai/scoring/rounds/2026-09-18T05%3A08%3A00%2B00%3A00/leaderboard,200,200
2026-09-18T03:56:00+00:00,https://api.theminos.ai/verification/round/2026-09-18T03%3A56%3A00%2B00%3A00,https://api.theminos.ai/scoring/rounds/2026-09-18T03%3A56%3A00%2B00%3A00/leaderboard,200,200
2026-09-18T02:43:00+00:00,https://api.theminos.ai/verification/round/2026-09-18T02%3A43%3A00%2B00%3A00,https://api.theminos.ai/scoring/rounds/2026-09-18T02%3A43%3A00%2B00%3A00/leaderboard,200,200
2026-09-18T01:30:00+00:00,https://api.theminos.ai/verification/round/2026-09-18T01%3A30%3A00%2B00%3A00,https://api.theminos.ai/scoring/rounds/2026-09-18T01%3A30%3A00%2B00%3A00/leaderboard,200,200
2026-09-18T00:18:00+00:00,https://api.theminos.ai/verification/round/2026-09-18T00%3A18%3A00%2B00%3A00,https://api.theminos.ai/scoring/rounds/2026-09-18T00%3A18%3A00%2B00%3A00/leaderboard,200,200
2026-09-17T23:06:00+00:00,https://api.theminos.ai/verification/round/2026-09-17T23%3A06%3A00%2B00%3A00,https://api.theminos.ai/scoring/rounds/2026-09-17T23%3A06%3A00%2B00%3A00/leaderboard,200,200
2026-09-17T21:54:00+00:00,https://api.theminos.ai/verification/round/2026-09-17T21%3A54%3A00%2B00%3A00,https://api.theminos.ai/scoring/rounds/2026-09-17T21%3A54%3A00%2B00%3A00/leaderboard,200,200
2026-09-17T20:41:00+00:00,https://api.theminos.ai/verification/round/2026-09-17T20%3A41%3A00%2B00%3A00,https://api.theminos.ai/scoring/rounds/2026-09-17T20%3A41%3A00%2B00%3A00/leaderboard,200,200
2026-09-17T19:29:00+00:00,https://api.theminos.ai/verification/round/2026-09-17T19%3A29%3A00%2B00%3A00,https://api.theminos.ai/scoring/rounds/2026-09-17T19%3A29%3A00%2B00%3A00/leaderboard,200,200
2026-09-17T18:17:00+00:00,https://api.theminos.ai/verification/round/2026-09-17T18%3A17%3A00%2B00%3A00,https://api.theminos.ai/scoring/rounds/2026-09-17T18%3A17%3A00%2B00%3A00/leaderboard,200,200
2026-09-17T17:04:00+00:00,https://api.theminos.ai/verification/round/2026-09-17T17%3A04%3A00%2B00%3A00,https://api.theminos.ai/scoring/rounds/2026-09-17T17%3A04%3A00%2B00%3A00/leaderboard,200,200
2026-09-17T15:52:00+00:00,https://api.theminos.ai/verification/round/2026-09-17T15%3A52%3A00%2B00%3A00,https://api.theminos.ai/scoring/rounds/2026-09-17T15%3A52%3A00%2B00%3A00/leaderboard,200,200
2026-09-17T14:40:00+00:00,https://api.theminos.ai/verification/round/2026-09-17T14%3A40%3A00%2B00%3A00,https://api.theminos.ai/scoring/rounds/2026-09-17T14%3A40%3A00%2B00%3A00/leaderboard,200,200
2026-09-17T13:27:00+00:00,https://api.theminos.ai/verification/round/2026-09-17T13%3A27%3A00%2B00%3A00,https://api.theminos.ai/scoring/rounds/2026-09-17T13%3A27%3A00%2B00%3A00/leaderboard,200,200
2026-09-17T12:15:00+00:00,https://api.theminos.ai/verification/round/2026-09-17T12%3A15%3A00%2B00%3A00,https://api.theminos.ai/scoring/rounds/2026-09-17T12%3A15%3A00%2B00%3A00/leaderboard,200,200
2026-09-17T11:03:00+00:00,https://api.theminos.ai/verification/round/2026-09-17T11%3A03%3A00%2B00%3A00,https://api.theminos.ai/scoring/rounds/2026-09-17T11%3A03%3A00%2B00%3A00/leaderboard,200,200
2026-09-17T09:50:00+00:00,https://api.theminos.ai/verification/round/2026-09-17T09%3A50%3A00%2B00%3A00,https://api.theminos.ai/scoring/rounds/2026-09-17T09%3A50%3A00%2B00%3A00/leaderboard,200,200
2026-09-17T08:38:00+00:00,https://api.theminos.ai/verification/round/2026-09-17T08%3A38%3A00%2B00%3A00,https://api.theminos.ai/scoring/rounds/2026-09-17T08%3A38%3A00%2B00%3A00/leaderboard,200,200
2026-09-17T07:25:00+00:00,https://api.theminos.ai/verification/round/2026-09-17T07%3A25%3A00%2B00%3A00,https://api.theminos.ai/scoring/rounds/2026-09-17T07%3A25%3A00%2B00%3A00/leaderboard,200,200
2026-09-17T06:13:00+00:00,https://api.theminos.ai/verification/round/2026-09-17T06%3A13%3A00%2B00%3A00,https://api.theminos.ai/scoring/rounds/2026-09-17T06%3A13%3A00%2B00%3A00/leaderboard,200,200
2026-09-17T05:01:00+00:00,https://api.theminos.ai/verification/round/2026-09-17T05%3A01%3A00%2B00%3A00,https://api.theminos.ai/scoring/rounds/2026-09-17T05%3A01%3A00%2B00%3A00/leaderboard,200,200
2026-09-17T03:49:00+00:00,https://api.theminos.ai/verification/round/2026-09-17T03%3A49%3A00%2B00%3A00,https://api.theminos.ai/scoring/rounds/2026-09-17T03%3A49%3A00%2B00%3A00/leaderboard,200,200
2026-09-17T02:37:00+00:00,https://api.theminos.ai/verification/round/2026-09-17T02%3A37%3A00%2B00%3A00,https://api.theminos.ai/scoring/rounds/2026-09-17T02%3A37%3A00%2B00%3A00/leaderboard,200,200
2026-09-17T01:24:00+00:00,https://api.theminos.ai/verification/round/2026-09-17T01%3A24%3A00%2B00%3A00,https://api.theminos.ai/scoring/rounds/2026-09-17T01%3A24%3A00%2B00%3A00/leaderboard,200,200
2026-09-17T00:12:00+00:00,https://api.theminos.ai/verification/round/2026-09-17T00%3A12%3A00%2B00%3A00,https://api.theminos.ai/scoring/rounds/2026-09-17T00%3A12%3A00%2B00%3A00/leaderboard,200,200
2026-09-16T23:00:00+00:00,https://api.theminos.ai/verification/round/2026-09-16T23%3A00%3A00%2B00%3A00,https://api.theminos.ai/scoring/rounds/2026-09-16T23%3A00%3A00%2B00%3A00/leaderboard,200,200
2026-09-16T21:47:00+00:00,https://api.theminos.ai/verification/round/2026-09-16T21%3A47%3A00%2B00%3A00,https://api.theminos.ai/scoring/rounds/2026-09-16T21%3A47%3A00%2B00%3A00/leaderboard,200,200
2026-09-16T20:35:00+00:00,https://api.theminos.ai/verification/round/2026-09-16T20%3A35%3A00%2B00%3A00,https://api.theminos.ai/scoring/rounds/2026-09-16T20%3A35%3A00%2B00%3A00/leaderboard,200,200
2026-09-16T19:23:00+00:00,https://api.theminos.ai/verification/round/2026-09-16T19%3A23%3A00%2B00%3A00,https://api.theminos.ai/scoring/rounds/2026-09-16T19%3A23%3A00%2B00%3A00/leaderboard,200,200
2026-09-16T18:10:00+00:00,https://api.theminos.ai/verification/round/2026-09-16T18%3A10%3A00%2B00%3A00,https://api.theminos.ai/scoring/rounds/2026-09-16T18%3A10%3A00%2B00%3A00/leaderboard,200,200
2026-09-16T16:58:00+00:00,https://api.theminos.ai/verification/round/2026-09-16T16%3A58%3A00%2B00%3A00,https://api.theminos.ai/scoring/rounds/2026-09-16T16%3A58%3A00%2B00%3A00/leaderboard,200,200
2026-09-16T15:46:00+00:00,https://api.theminos.ai/verification/round/2026-09-16T15%3A46%3A00%2B00%3A00,https://api.theminos.ai/scoring/rounds/2026-09-16T15%3A46%3A00%2B00%3A00/leaderboard,200,200
2026-09-16T14:34:00+00:00,https://api.theminos.ai/verification/round/2026-09-16T14%3A34%3A00%2B00%3A00,https://api.theminos.ai/scoring/rounds/2026-09-16T14%3A34%3A00%2B00%3A00/leaderboard,200,200
2026-09-16T13:21:00+00:00,https://api.theminos.ai/verification/round/2026-09-16T13%3A21%3A00%2B00%3A00,https://api.theminos.ai/scoring/rounds/2026-09-16T13%3A21%3A00%2B00%3A00/leaderboard,200,200
2026-09-16T12:08:00+00:00,https://api.theminos.ai/verification/round/2026-09-16T12%3A08%3A00%2B00%3A00,https://api.theminos.ai/scoring/rounds/2026-09-16T12%3A08%3A00%2B00%3A00/leaderboard,200,200
2026-09-16T10:56:00+00:00,https://api.theminos.ai/verification/round/2026-09-16T10%3A56%3A00%2B00%3A00,https://api.theminos.ai/scoring/rounds/2026-09-16T10%3A56%3A00%2B00%3A00/leaderboard,200,200
2026-09-16T09:44:00+00:00,https://api.theminos.ai/verification/round/2026-09-16T09%3A44%3A00%2B00%3A00,https://api.theminos.ai/scoring/rounds/2026-09-16T09%3A44%3A00%2B00%3A00/leaderboard,200,200
2026-09-16T08:31:00+00:00,https://api.theminos.ai/verification/round/2026-09-16T08%3A31%3A00%2B00%3A00,https://api.theminos.ai/scoring/rounds/2026-09-16T08%3A31%3A00%2B00%3A00/leaderboard,200,200
2026-09-16T07:19:00+00:00,https://api.theminos.ai/verification/round/2026-09-16T07%3A19%3A00%2B00%3A00,https://api.theminos.ai/scoring/rounds/2026-09-16T07%3A19%3A00%2B00%3A00/leaderboard,200,200
2026-09-16T06:07:00+00:00,https://api.theminos.ai/verification/round/2026-09-16T06%3A07%3A00%2B00%3A00,https://api.theminos.ai/scoring/rounds/2026-09-16T06%3A07%3A00%2B00%3A00/leaderboard,200,200
2026-09-16T04:55:00+00:00,https://api.theminos.ai/verification/round/2026-09-16T04%3A55%3A00%2B00%3A00,https://api.theminos.ai/scoring/rounds/2026-09-16T04%3A55%3A00%2B00%3A00/leaderboard,200,200
2026-09-16T03:42:00+00:00,https://api.theminos.ai/verification/round/2026-09-16T03%3A42%3A00%2B00%3A00,https://api.theminos.ai/scoring/rounds/2026-09-16T03%3A42%3A00%2B00%3A00/leaderboard,200,200
2026-09-16T02:30:00+00:00,https://api.theminos.ai/verification/round/2026-09-16T02%3A30%3A00%2B00%3A00,https://api.theminos.ai/scoring/rounds/2026-09-16T02%3A30%3A00%2B00%3A00/leaderboard,200,200
2026-09-16T01:18:00+00:00,https://api.theminos.ai/verification/round/2026-09-16T01%3A18%3A00%2B00%3A00,https://api.theminos.ai/scoring/rounds/2026-09-16T01%3A18%3A00%2B00%3A00/leaderboard,200,200
2026-09-16T00:05:00+00:00,https://api.theminos.ai/verification/round/2026-09-16T00%3A05%3A00%2B00%3A00,https://api.theminos.ai/scoring/rounds/2026-09-16T00%3A05%3A00%2B00%3A00/leaderboard,200,200
2026-09-15T22:53:00+00:00,https://api.theminos.ai/verification/round/2026-09-15T22%3A53%3A00%2B00%3A00,https://api.theminos.ai/scoring/rounds/2026-09-15T22%3A53%3A00%2B00%3A00/leaderboard,200,200
2026-09-15T21:40:00+00:00,https://api.theminos.ai/verification/round/2026-09-15T21%3A40%3A00%2B00%3A00,https://api.theminos.ai/scoring/rounds/2026-09-15T21%3A40%3A00%2B00%3A00/leaderboard,200,200
2026-09-15T20:28:00+00:00,https://api.theminos.ai/verification/round/2026-09-15T20%3A28%3A00%2B00%3A00,https://api.theminos.ai/scoring/rounds/2026-09-15T20%3A28%3A00%2B00%3A00/leaderboard,200,200
2026-09-15T19:16:00+00:00,https://api.theminos.ai/verification/round/2026-09-15T19%3A16%3A00%2B00%3A00,https://api.theminos.ai/scoring/rounds/2026-09-15T19%3A16%3A00%2B00%3A00/leaderboard,200,200
2026-09-15T18:03:00+00:00,https://api.theminos.ai/verification/round/2026-09-15T18%3A03%3A00%2B00%3A00,https://api.theminos.ai/scoring/rounds/2026-09-15T18%3A03%3A00%2B00%3A00/leaderboard,200,200
2026-09-15T16:51:00+00:00,https://api.theminos.ai/verification/round/2026-09-15T16%3A51%3A00%2B00%3A00,https://api.theminos.ai/scoring/rounds/2026-09-15T16%3A51%3A00%2B00%3A00/leaderboard,200,200
2026-09-15T15:39:00+00:00,https://api.theminos.ai/verification/round/2026-09-15T15%3A39%3A00%2B00%3A00,https://api.theminos.ai/scoring/rounds/2026-09-15T15%3A39%3A00%2B00%3A00/leaderboard,200,200
2026-09-15T14:27:00+00:00,https://api.theminos.ai/verification/round/2026-09-15T14%3A27%3A00%2B00%3A00,https://api.theminos.ai/scoring/rounds/2026-09-15T14%3A27%3A00%2B00%3A00/leaderboard,200,200
2026-09-15T13:14:00+00:00,https://api.theminos.ai/verification/round/2026-09-15T13%3A14%3A00%2B00%3A00,https://api.theminos.ai/scoring/rounds/2026-09-15T13%3A14%3A00%2B00%3A00/leaderboard,200,200
2026-09-15T12:02:00+00:00,https://api.theminos.ai/verification/round/2026-09-15T12%3A02%3A00%2B00%3A00,https://api.theminos.ai/scoring/rounds/2026-09-15T12%3A02%3A00%2B00%3A00/leaderboard,200,200
2026-09-15T10:49:00+00:00,https://api.theminos.ai/verification/round/2026-09-15T10%3A49%3A00%2B00%3A00,https://api.theminos.ai/scoring/rounds/2026-09-15T10%3A49%3A00%2B00%3A00/leaderboard,200,200
2026-09-15T09:37:00+00:00,https://api.theminos.ai/verification/round/2026-09-15T09%3A37%3A00%2B00%3A00,https://api.theminos.ai/scoring/rounds/2026-09-15T09%3A37%3A00%2B00%3A00/leaderboard,200,200
2026-09-15T08:25:00+00:00,https://api.theminos.ai/verification/round/2026-09-15T08%3A25%3A00%2B00%3A00,https://api.theminos.ai/scoring/rounds/2026-09-15T08%3A25%3A00%2B00%3A00/leaderboard,200,200
2026-09-15T07:12:00+00:00,https://api.theminos.ai/verification/round/2026-09-15T07%3A12%3A00%2B00%3A00,https://api.theminos.ai/scoring/rounds/2026-09-15T07%3A12%3A00%2B00%3A00/leaderboard,200,200
2026-09-15T06:00:00+00:00,https://api.theminos.ai/verification/round/2026-09-15T06%3A00%3A00%2B00%3A00,https://api.theminos.ai/scoring/rounds/2026-09-15T06%3A00%3A00%2B00%3A00/leaderboard,200,200
2026-09-15T04:48:00+00:00,https://api.theminos.ai/verification/round/2026-09-15T04%3A48%3A00%2B00%3A00,https://api.theminos.ai/scoring/rounds/2026-09-15T04%3A48%3A00%2B00%3A00/leaderboard,200,200
2026-09-15T03:36:00+00:00,https://api.theminos.ai/verification/round/2026-09-15T03%3A36%3A00%2B00%3A00,https://api.theminos.ai/scoring/rounds/2026-09-15T03%3A36%3A00%2B00%3A00/leaderboard,200,200
2026-09-15T02:23:00+00:00,https://api.theminos.ai/verification/round/2026-09-15T02%3A23%3A00%2B00%3A00,https://api.theminos.ai/scoring/rounds/2026-09-15T02%3A23%3A00%2B00%3A00/leaderboard,200,200
2026-09-15T01:11:00+00:00,https://api.theminos.ai/verification/round/2026-09-15T01%3A11%3A00%2B00%3A00,https://api.theminos.ai/scoring/rounds/2026-09-15T01%3A11%3A00%2B00%3A00/leaderboard,200,200
2026-09-14T23:59:00+00:00,https://api.theminos.ai/verification/round/2026-09-14T23%3A59%3A00%2B00%3A00,https://api.theminos.ai/scoring/rounds/2026-09-14T23%3A59%3A00%2B00%3A00/leaderboard,200,200
2026-09-14T22:47:00+00:00,https://api.theminos.ai/verification/round/2026-09-14T22%3A47%3A00%2B00%3A00,https://api.theminos.ai/scoring/rounds/2026-09-14T22%3A47%3A00%2B00%3A00/leaderboard,200,200
2026-09-14T21:35:00+00:00,https://api.theminos.ai/verification/round/2026-09-14T21%3A35%3A00%2B00%3A00,https://api.theminos.ai/scoring/rounds/2026-09-14T21%3A35%3A00%2B00%3A00/leaderboard,200,200
2026-09-14T20:22:00+00:00,https://api.theminos.ai/verification/round/2026-09-14T20%3A22%3A00%2B00%3A00,https://api.theminos.ai/scoring/rounds/2026-09-14T20%3A22%3A00%2B00%3A00/leaderboard,200,200
2026-09-14T19:10:00+00:00,https://api.theminos.ai/verification/round/2026-09-14T19%3A10%3A00%2B00%3A00,https://api.theminos.ai/scoring/rounds/2026-09-14T19%3A10%3A00%2B00%3A00/leaderboard,200,200
2026-09-14T17:57:00+00:00,https://api.theminos.ai/verification/round/2026-09-14T17%3A57%3A00%2B00%3A00,https://api.theminos.ai/scoring/rounds/2026-09-14T17%3A57%3A00%2B00%3A00/leaderboard,200,200
2026-09-14T16:45:00+00:00,https://api.theminos.ai/verification/round/2026-09-14T16%3A45%3A00%2B00%3A00,https://api.theminos.ai/scoring/rounds/2026-09-14T16%3A45%3A00%2B00%3A00/leaderboard,200,200
2026-09-14T15:33:00+00:00,https://api.theminos.ai/verification/round/2026-09-14T15%3A33%3A00%2B00%3A00,https://api.theminos.ai/scoring/rounds/2026-09-14T15%3A33%3A00%2B00%3A00/leaderboard,200,200
2026-09-14T14:21:00+00:00,https://api.theminos.ai/verification/round/2026-09-14T14%3A21%3A00%2B00%3A00,https://api.theminos.ai/scoring/rounds/2026-09-14T14%3A21%3A00%2B00%3A00/leaderboard,200,200
2026-09-14T13:08:00+00:00,https://api.theminos.ai/verification/round/2026-09-14T13%3A08%3A00%2B00%3A00,https://api.theminos.ai/scoring/rounds/2026-09-14T13%3A08%3A00%2B00%3A00/leaderboard,200,200
2026-09-14T11:56:00+00:00,https://api.theminos.ai/verification/round/2026-09-14T11%3A56%3A00%2B00%3A00,https://api.theminos.ai/scoring/rounds/2026-09-14T11%3A56%3A00%2B00%3A00/leaderboard,200,200
2026-09-14T10:44:00+00:00,https://api.theminos.ai/verification/round/2026-09-14T10%3A44%3A00%2B00%3A00,https://api.theminos.ai/scoring/rounds/2026-09-14T10%3A44%3A00%2B00%3A00/leaderboard,200,200
2026-09-14T09:32:00+00:00,https://api.theminos.ai/verification/round/2026-09-14T09%3A32%3A00%2B00%3A00,https://api.theminos.ai/scoring/rounds/2026-09-14T09%3A32%3A00%2B00%3A00/leaderboard,200,200
2026-09-14T08:20:00+00:00,https://api.theminos.ai/verification/round/2026-09-14T08%3A20%3A00%2B00%3A00,https://api.theminos.ai/scoring/rounds/2026-09-14T08%3A20%3A00%2B00%3A00/leaderboard,200,200
2026-09-14T07:07:00+00:00,https://api.theminos.ai/verification/round/2026-09-14T07%3A07%3A00%2B00%3A00,https://api.theminos.ai/scoring/rounds/2026-09-14T07%3A07%3A00%2B00%3A00/leaderboard,200,200
2026-09-14T05:55:00+00:00,https://api.theminos.ai/verification/round/2026-09-14T05%3A55%3A00%2B00%3A00,https://api.theminos.ai/scoring/rounds/2026-09-14T05%3A55%3A00%2B00%3A00/leaderboard,200,200
2026-09-14T04:43:00+00:00,https://api.theminos.ai/verification/round/2026-09-14T04%3A43%3A00%2B00%3A00,https://api.theminos.ai/scoring/rounds/2026-09-14T04%3A43%3A00%2B00%3A00/leaderboard,200,200
2026-09-14T03:31:00+00:00,https://api.theminos.ai/verification/round/2026-09-14T03%3A31%3A00%2B00%3A00,https://api.theminos.ai/scoring/rounds/2026-09-14T03%3A31%3A00%2B00%3A00/leaderboard,200,200
2026-09-14T02:19:00+00:00,https://api.theminos.ai/verification/round/2026-09-14T02%3A19%3A00%2B00%3A00,https://api.theminos.ai/scoring/rounds/2026-09-14T02%3A19%3A00%2B00%3A00/leaderboard,200,200
2026-09-14T01:07:00+00:00,https://api.theminos.ai/verification/round/2026-09-14T01%3A07%3A00%2B00%3A00,https://api.theminos.ai/scoring/rounds/2026-09-14T01%3A07%3A00%2B00%3A00/leaderboard,200,200
2026-09-13T23:55:00+00:00,https://api.theminos.ai/verification/round/2026-09-13T23%3A55%3A00%2B00%3A00,https://api.theminos.ai/scoring/rounds/2026-09-13T23%3A55%3A00%2B00%3A00/leaderboard,200,200
2026-09-13T22:43:00+00:00,https://api.theminos.ai/verification/round/2026-09-13T22%3A43%3A00%2B00%3A00,https://api.theminos.ai/scoring/rounds/2026-09-13T22%3A43%3A00%2B00%3A00/leaderboard,200,200
2026-09-13T21:30:00+00:00,https://api.theminos.ai/verification/round/2026-09-13T21%3A30%3A00%2B00%3A00,https://api.theminos.ai/scoring/rounds/2026-09-13T21%3A30%3A00%2B00%3A00/leaderboard,200,200
2026-09-13T20:18:00+00:00,https://api.theminos.ai/verification/round/2026-09-13T20%3A18%3A00%2B00%3A00,https://api.theminos.ai/scoring/rounds/2026-09-13T20%3A18%3A00%2B00%3A00/leaderboard,200,200
2026-09-13T19:06:00+00:00,https://api.theminos.ai/verification/round/2026-09-13T19%3A06%3A00%2B00%3A00,https://api.theminos.ai/scoring/rounds/2026-09-13T19%3A06%3A00%2B00%3A00/leaderboard,200,200
2026-09-13T17:54:00+00:00,https://api.theminos.ai/verification/round/2026-09-13T17%3A54%3A00%2B00%3A00,https://api.theminos.ai/scoring/rounds/2026-09-13T17%3A54%3A00%2B00%3A00/leaderboard,200,200
2026-09-13T16:42:00+00:00,https://api.theminos.ai/verification/round/2026-09-13T16%3A42%3A00%2B00%3A00,https://api.theminos.ai/scoring/rounds/2026-09-13T16%3A42%3A00%2B00%3A00/leaderboard,200,200
2026-09-13T15:30:00+00:00,https://api.theminos.ai/verification/round/2026-09-13T15%3A30%3A00%2B00%3A00,https://api.theminos.ai/scoring/rounds/2026-09-13T15%3A30%3A00%2B00%3A00/leaderboard,200,200
2026-09-13T14:17:00+00:00,https://api.theminos.ai/verification/round/2026-09-13T14%3A17%3A00%2B00%3A00,https://api.theminos.ai/scoring/rounds/2026-09-13T14%3A17%3A00%2B00%3A00/leaderboard,200,200
2026-09-13T13:05:00+00:00,https://api.theminos.ai/verification/round/2026-09-13T13%3A05%3A00%2B00%3A00,https://api.theminos.ai/scoring/rounds/2026-09-13T13%3A05%3A00%2B00%3A00/leaderboard,200,200
2026-09-13T11:53:00+00:00,https://api.theminos.ai/verification/round/2026-09-13T11%3A53%3A00%2B00%3A00,https://api.theminos.ai/scoring/rounds/2026-09-13T11%3A53%3A00%2B00%3A00/leaderboard,200,200
2026-09-13T10:41:00+00:00,https://api.theminos.ai/verification/round/2026-09-13T10%3A41%3A00%2B00%3A00,https://api.theminos.ai/scoring/rounds/2026-09-13T10%3A41%3A00%2B00%3A00/leaderboard,200,200
2026-09-13T09:29:00+00:00,https://api.theminos.ai/verification/round/2026-09-13T09%3A29%3A00%2B00%3A00,https://api.theminos.ai/scoring/rounds/2026-09-13T09%3A29%3A00%2B00%3A00/leaderboard,200,200
2026-09-13T08:17:00+00:00,https://api.theminos.ai/verification/round/2026-09-13T08%3A17%3A00%2B00%3A00,https://api.theminos.ai/scoring/rounds/2026-09-13T08%3A17%3A00%2B00%3A00/leaderboard,200,200
2026-09-13T07:05:00+00:00,https://api.theminos.ai/verification/round/2026-09-13T07%3A05%3A00%2B00%3A00,https://api.theminos.ai/scoring/rounds/2026-09-13T07%3A05%3A00%2B00%3A00/leaderboard,200,200
2026-09-13T05:53:00+00:00,https://api.theminos.ai/verification/round/2026-09-13T05%3A53%3A00%2B00%3A00,https://api.theminos.ai/scoring/rounds/2026-09-13T05%3A53%3A00%2B00%3A00/leaderboard,200,200
2026-09-13T04:41:00+00:00,https://api.theminos.ai/verification/round/2026-09-13T04%3A41%3A00%2B00%3A00,https://api.theminos.ai/scoring/rounds/2026-09-13T04%3A41%3A00%2B00%3A00/leaderboard,200,200
2026-09-13T03:29:00+00:00,https://api.theminos.ai/verification/round/2026-09-13T03%3A29%3A00%2B00%3A00,https://api.theminos.ai/scoring/rounds/2026-09-13T03%3A29%3A00%2B00%3A00/leaderboard,200,200
2026-09-13T02:17:00+00:00,https://api.theminos.ai/verification/round/2026-09-13T02%3A17%3A00%2B00%3A00,https://api.theminos.ai/scoring/rounds/2026-09-13T02%3A17%3A00%2B00%3A00/leaderboard,200,200
2026-09-13T01:05:00+00:00,https://api.theminos.ai/verification/round/2026-09-13T01%3A05%3A00%2B00%3A00,https://api.theminos.ai/scoring/rounds/2026-09-13T01%3A05%3A00%2B00%3A00/leaderboard,200,200
2026-09-12T23:52:00+00:00,https://api.theminos.ai/verification/round/2026-09-12T23%3A52%3A00%2B00%3A00,https://api.theminos.ai/scoring/rounds/2026-09-12T23%3A52%3A00%2B00%3A00/leaderboard,200,200
2026-09-12T22:40:00+00:00,https://api.theminos.ai/verification/round/2026-09-12T22%3A40%3A00%2B00%3A00,https://api.theminos.ai/scoring/rounds/2026-09-12T22%3A40%3A00%2B00%3A00/leaderboard,200,200
2026-09-12T21:28:00+00:00,https://api.theminos.ai/verification/round/2026-09-12T21%3A28%3A00%2B00%3A00,https://api.theminos.ai/scoring/rounds/2026-09-12T21%3A28%3A00%2B00%3A00/leaderboard,200,200
2026-09-12T20:16:00+00:00,https://api.theminos.ai/verification/round/2026-09-12T20%3A16%3A00%2B00%3A00,https://api.theminos.ai/scoring/rounds/2026-09-12T20%3A16%3A00%2B00%3A00/leaderboard,200,200
2026-09-12T19:04:00+00:00,https://api.theminos.ai/verification/round/2026-09-12T19%3A04%3A00%2B00%3A00,https://api.theminos.ai/scoring/rounds/2026-09-12T19%3A04%3A00%2B00%3A00/leaderboard,200,200
2026-09-12T17:52:00+00:00,https://api.theminos.ai/verification/round/2026-09-12T17%3A52%3A00%2B00%3A00,https://api.theminos.ai/scoring/rounds/2026-09-12T17%3A52%3A00%2B00%3A00/leaderboard,200,200
2026-09-12T16:40:00+00:00,https://api.theminos.ai/verification/round/2026-09-12T16%3A40%3A00%2B00%3A00,https://api.theminos.ai/scoring/rounds/2026-09-12T16%3A40%3A00%2B00%3A00/leaderboard,200,200
2026-09-12T15:28:00+00:00,https://api.theminos.ai/verification/round/2026-09-12T15%3A28%3A00%2B00%3A00,https://api.theminos.ai/scoring/rounds/2026-09-12T15%3A28%3A00%2B00%3A00/leaderboard,200,200
2026-09-12T14:16:00+00:00,https://api.theminos.ai/verification/round/2026-09-12T14%3A16%3A00%2B00%3A00,https://api.theminos.ai/scoring/rounds/2026-09-12T14%3A16%3A00%2B00%3A00/leaderboard,200,200
2026-09-12T13:04:00+00:00,https://api.theminos.ai/verification/round/2026-09-12T13%3A04%3A00%2B00%3A00,https://api.theminos.ai/scoring/rounds/2026-09-12T13%3A04%3A00%2B00%3A00/leaderboard,200,200
2026-09-12T11:52:00+00:00,https://api.theminos.ai/verification/round/2026-09-12T11%3A52%3A00%2B00%3A00,https://api.theminos.ai/scoring/rounds/2026-09-12T11%3A52%3A00%2B00%3A00/leaderboard,200,200
2026-09-12T10:40:00+00:00,https://api.theminos.ai/verification/round/2026-09-12T10%3A40%3A00%2B00%3A00,https://api.theminos.ai/scoring/rounds/2026-09-12T10%3A40%3A00%2B00%3A00/leaderboard,200,200
2026-09-12T09:28:00+00:00,https://api.theminos.ai/verification/round/2026-09-12T09%3A28%3A00%2B00%3A00,https://api.theminos.ai/scoring/rounds/2026-09-12T09%3A28%3A00%2B00%3A00/leaderboard,200,200
2026-09-12T08:16:00+00:00,https://api.theminos.ai/verification/round/2026-09-12T08%3A16%3A00%2B00%3A00,https://api.theminos.ai/scoring/rounds/2026-09-12T08%3A16%3A00%2B00%3A00/leaderboard,200,200
2026-09-12T07:04:00+00:00,https://api.theminos.ai/verification/round/2026-09-12T07%3A04%3A00%2B00%3A00,https://api.theminos.ai/scoring/rounds/2026-09-12T07%3A04%3A00%2B00%3A00/leaderboard,200,200
2026-09-12T05:52:00+00:00,https://api.theminos.ai/verification/round/2026-09-12T05%3A52%3A00%2B00%3A00,https://api.theminos.ai/scoring/rounds/2026-09-12T05%3A52%3A00%2B00%3A00/leaderboard,200,200
2026-09-12T04:40:00+00:00,https://api.theminos.ai/verification/round/2026-09-12T04%3A40%3A00%2B00%3A00,https://api.theminos.ai/scoring/rounds/2026-09-12T04%3A40%3A00%2B00%3A00/leaderboard,200,200
2026-09-12T03:28:00+00:00,https://api.theminos.ai/verification/round/2026-09-12T03%3A28%3A00%2B00%3A00,https://api.theminos.ai/scoring/rounds/2026-09-12T03%3A28%3A00%2B00%3A00/leaderboard,200,200
2026-09-12T02:16:00+00:00,https://api.theminos.ai/verification/round/2026-09-12T02%3A16%3A00%2B00%3A00,https://api.theminos.ai/scoring/rounds/2026-09-12T02%3A16%3A00%2B00%3A00/leaderboard,200,200
2026-09-12T01:04:00+00:00,https://api.theminos.ai/verification/round/2026-09-12T01%3A04%3A00%2B00%3A00,https://api.theminos.ai/scoring/rounds/2026-09-12T01%3A04%3A00%2B00%3A00/leaderboard,200,200
2026-09-11T23:52:00+00:00,https://api.theminos.ai/verification/round/2026-09-11T23%3A52%3A00%2B00%3A00,https://api.theminos.ai/scoring/rounds/2026-09-11T23%3A52%3A00%2B00%3A00/leaderboard,200,200
2026-09-11T22:40:00+00:00,https://api.theminos.ai/verification/round/2026-09-11T22%3A40%3A00%2B00%3A00,https://api.theminos.ai/scoring/rounds/2026-09-11T22%3A40%3A00%2B00%3A00/leaderboard,200,200
2026-09-11T21:28:00+00:00,https://api.theminos.ai/verification/round/2026-09-11T21%3A28%3A00%2B00%3A00,https://api.theminos.ai/scoring/rounds/2026-09-11T21%3A28%3A00%2B00%3A00/leaderboard,200,200
2026-09-11T20:16:00+00:00,https://api.theminos.ai/verification/round/2026-09-11T20%3A16%3A00%2B00%3A00,https://api.theminos.ai/scoring/rounds/2026-09-11T20%3A16%3A00%2B00%3A00/leaderboard,200,200
2026-09-11T19:04:00+00:00,https://api.theminos.ai/verification/round/2026-09-11T19%3A04%3A00%2B00%3A00,https://api.theminos.ai/scoring/rounds/2026-09-11T19%3A04%3A00%2B00%3A00/leaderboard,200,200
2026-09-11T17:52:00+00:00,https://api.theminos.ai/verification/round/2026-09-11T17%3A52%3A00%2B00%3A00,https://api.theminos.ai/scoring/rounds/2026-09-11T17%3A52%3A00%2B00%3A00/leaderboard,200,200
2026-09-11T16:40:00+00:00,https://api.theminos.ai/verification/round/2026-09-11T16%3A40%3A00%2B00%3A00,https://api.theminos.ai/scoring/rounds/2026-09-11T16%3A40%3A00%2B00%3A00/leaderboard,200,200
2026-09-11T15:28:00+00:00,https://api.theminos.ai/verification/round/2026-09-11T15%3A28%3A00%2B00%3A00,https://api.theminos.ai/scoring/rounds/2026-09-11T15%3A28%3A00%2B00%3A00/leaderboard,200,200
2026-09-11T14:16:00+00:00,https://api.theminos.ai/verification/round/2026-09-11T14%3A16%3A00%2B00%3A00,https://api.theminos.ai/scoring/rounds/2026-09-11T14%3A16%3A00%2B00%3A00/leaderboard,200,200
2026-09-11T13:04:00+00:00,https://api.theminos.ai/verification/round/2026-09-11T13%3A04%3A00%2B00%3A00,https://api.theminos.ai/scoring/rounds/2026-09-11T13%3A04%3A00%2B00%3A00/leaderboard,200,200
2026-09-11T11:52:00+00:00,https://api.theminos.ai/verification/round/2026-09-11T11%3A52%3A00%2B00%3A00,https://api.theminos.ai/scoring/rounds/2026-09-11T11%3A52%3A00%2B00%3A00/leaderboard,200,200
2026-09-11T10:40:00+00:00,https://api.theminos.ai/verification/round/2026-09-11T10%3A40%3A00%2B00%3A00,https://api.theminos.ai/scoring/rounds/2026-09-11T10%3A40%3A00%2B00%3A00/leaderboard,200,200
2026-09-11T09:28:00+00:00,https://api.theminos.ai/verification/round/2026-09-11T09%3A28%3A00%2B00%3A00,https://api.theminos.ai/scoring/rounds/2026-09-11T09%3A28%3A00%2B00%3A00/leaderboard,200,200
2026-09-11T08:16:00+00:00,https://api.theminos.ai/verification/round/2026-09-11T08%3A16%3A00%2B00%3A00,https://api.theminos.ai/scoring/rounds/2026-09-11T08%3A16%3A00%2B00%3A00/leaderboard,200,200
2026-09-11T07:04:00+00:00,https://api.theminos.ai/verification/round/2026-09-11T07%3A04%3A00%2B00%3A00,https://api.theminos.ai/scoring/rounds/2026-09-11T07%3A04%3A00%2B00%3A00/leaderboard,200,200
2026-09-11T05:52:00+00:00,https://api.theminos.ai/verification/round/2026-09-11T05%3A52%3A00%2B00%3A00,https://api.theminos.ai/scoring/rounds/2026-09-11T05%3A52%3A00%2B00%3A00/leaderboard,200,200
2026-09-11T04:40:00+00:00,https://api.theminos.ai/verification/round/2026-09-11T04%3A40%3A00%2B00%3A00,https://api.theminos.ai/scoring/rounds/2026-09-11T04%3A40%3A00%2B00%3A00/leaderboard,200,200
2026-09-11T03:28:00+00:00,https://api.theminos.ai/verification/round/2026-09-11T03%3A28%3A00%2B00%3A00,https://api.theminos.ai/scoring/rounds/2026-09-11T03%3A28%3A00%2B00%3A00/leaderboard,200,200
2026-09-11T02:16:00+00:00,https://api.theminos.ai/verification/round/2026-09-11T02%3A16%3A00%2B00%3A00,https://api.theminos.ai/scoring/rounds/2026-09-11T02%3A16%3A00%2B00%3A00/leaderboard,200,200
2026-09-11T01:04:00+00:00,https://api.theminos.ai/verification/round/2026-09-11T01%3A04%3A00%2B00%3A00,https://api.theminos.ai/scoring/rounds/2026-09-11T01%3A04%3A00%2B00%3A00/leaderboard,200,200
2026-09-10T23:52:00+00:00,https://api.theminos.ai/verification/round/2026-09-10T23%3A52%3A00%2B00%3A00,https://api.theminos.ai/scoring/rounds/2026-09-10T23%3A52%3A00%2B00%3A00/leaderboard,200,200
2026-09-10T22:40:00+00:00,https://api.theminos.ai/verification/round/2026-09-10T22%3A40%3A00%2B00%3A00,https://api.theminos.ai/scoring/rounds/2026-09-10T22%3A40%3A00%2B00%3A00/leaderboard,200,200
2026-09-10T21:28:00+00:00,https://api.theminos.ai/verification/round/2026-09-10T21%3A28%3A00%2B00%3A00,https://api.theminos.ai/scoring/rounds/2026-09-10T21%3A28%3A00%2B00%3A00/leaderboard,200,200
2026-09-10T20:16:00+00:00,https://api.theminos.ai/verification/round/2026-09-10T20%3A16%3A00%2B00%3A00,https://api.theminos.ai/scoring/rounds/2026-09-10T20%3A16%3A00%2B00%3A00/leaderboard,200,200
2026-09-10T19:04:00+00:00,https://api.theminos.ai/verification/round/2026-09-10T19%3A04%3A00%2B00%3A00,https://api.theminos.ai/scoring/rounds/2026-09-10T19%3A04%3A00%2B00%3A00/leaderboard,200,200
2026-09-10T17:52:00+00:00,https://api.theminos.ai/verification/round/2026-09-10T17%3A52%3A00%2B00%3A00,https://api.theminos.ai/scoring/rounds/2026-09-10T17%3A52%3A00%2B00%3A00/leaderboard,200,200
2026-09-10T16:40:00+00:00,https://api.theminos.ai/verification/round/2026-09-10T16%3A40%3A00%2B00%3A00,https://api.theminos.ai/scoring/rounds/2026-09-10T16%3A40%3A00%2B00%3A00/leaderboard,200,200
2026-09-10T15:28:00+00:00,https://api.theminos.ai/verification/round/2026-09-10T15%3A28%3A00%2B00%3A00,https://api.theminos.ai/scoring/rounds/2026-09-10T15%3A28%3A00%2B00%3A00/leaderboard,200,200
2026-09-10T14:16:00+00:00,https://api.theminos.ai/verification/round/2026-09-10T14%3A16%3A00%2B00%3A00,https://api.theminos.ai/scoring/rounds/2026-09-10T14%3A16%3A00%2B00%3A00/leaderboard,200,200
2026-09-10T13:04:00+00:00,https://api.theminos.ai/verification/round/2026-09-10T13%3A04%3A00%2B00%3A00,https://api.theminos.ai/scoring/rounds/2026-09-10T13%3A04%3A00%2B00%3A00/leaderboard,200,200
2026-09-10T11:52:00+00:00,https://api.theminos.ai/verification/round/2026-09-10T11%3A52%3A00%2B00%3A00,https://api.theminos.ai/scoring/rounds/2026-09-10T11%3A52%3A00%2B00%3A00/leaderboard,200,200
2026-09-10T10:40:00+00:00,https://api.theminos.ai/verification/round/2026-09-10T10%3A40%3A00%2B00%3A00,https://api.theminos.ai/scoring/rounds/2026-09-10T10%3A40%3A00%2B00%3A00/leaderboard,200,200
2026-09-10T09:28:00+00:00,https://api.theminos.ai/verification/round/2026-09-10T09%3A28%3A00%2B00%3A00,https://api.theminos.ai/scoring/rounds/2026-09-10T09%3A28%3A00%2B00%3A00/leaderboard,200,200
2026-09-10T08:16:00+00:00,https://api.theminos.ai/verification/round/2026-09-10T08%3A16%3A00%2B00%3A00,https://api.theminos.ai/scoring/rounds/2026-09-10T08%3A16%3A00%2B00%3A00/leaderboard,200,200
2026-09-10T07:04:00+00:00,https://api.theminos.ai/verification/round/2026-09-10T07%3A04%3A00%2B00%3A00,https://api.theminos.ai/scoring/rounds/2026-09-10T07%3A04%3A00%2B00%3A00/leaderboard,200,200
2026-09-10T05:52:00+00:00,https://api.theminos.ai/verification/round/2026-09-10T05%3A52%3A00%2B00%3A00,https://api.theminos.ai/scoring/rounds/2026-09-10T05%3A52%3A00%2B00%3A00/leaderboard,200,200
2026-09-10T04:40:00+00:00,https://api.theminos.ai/verification/round/2026-09-10T04%3A40%3A00%2B00%3A00,https://api.theminos.ai/scoring/rounds/2026-09-10T04%3A40%3A00%2B00%3A00/leaderboard,200,200
2026-09-10T03:28:00+00:00,https://api.theminos.ai/verification/round/2026-09-10T03%3A28%3A00%2B00%3A00,https://api.theminos.ai/scoring/rounds/2026-09-10T03%3A28%3A00%2B00%3A00/leaderboard,200,200
2026-09-10T02:16:00+00:00,https://api.theminos.ai/verification/round/2026-09-10T02%3A16%3A00%2B00%3A00,https://api.theminos.ai/scoring/rounds/2026-09-10T02%3A16%3A00%2B00%3A00/leaderboard,200,200
2026-09-10T01:04:00+00:00,https://api.theminos.ai/verification/round/2026-09-10T01%3A04%3A00%2B00%3A00,https://api.theminos.ai/scoring/rounds/2026-09-10T01%3A04%3A00%2B00%3A00/leaderboard,200,200
2026-09-09T23:52:00+00:00,https://api.theminos.ai/verification/round/2026-09-09T23%3A52%3A00%2B00%3A00,https://api.theminos.ai/scoring/rounds/2026-09-09T23%3A52%3A00%2B00%3A00/leaderboard,200,200
2026-09-09T22:40:00+00:00,https://api.theminos.ai/verification/round/2026-09-09T22%3A40%3A00%2B00%3A00,https://api.theminos.ai/scoring/rounds/2026-09-09T22%3A40%3A00%2B00%3A00/leaderboard,200,200
2026-09-09T21:28:00+00:00,https://api.theminos.ai/verification/round/2026-09-09T21%3A28%3A00%2B00%3A00,https://api.theminos.ai/scoring/rounds/2026-09-09T21%3A28%3A00%2B00%3A00/leaderboard,200,200
2026-09-09T20:16:00+00:00,https://api.theminos.ai/verification/round/2026-09-09T20%3A16%3A00%2B00%3A00,https://api.theminos.ai/scoring/rounds/2026-09-09T20%3A16%3A00%2B00%3A00/leaderboard,200,200
2026-09-09T19:04:00+00:00,https://api.theminos.ai/verification/round/2026-09-09T19%3A04%3A00%2B00%3A00,https://api.theminos.ai/scoring/rounds/2026-09-09T19%3A04%3A00%2B00%3A00/leaderboard,200,200
2026-09-09T17:52:00+00:00,https://api.theminos.ai/verification/round/2026-09-09T17%3A52%3A00%2B00%3A00,https://api.theminos.ai/scoring/rounds/2026-09-09T17%3A52%3A00%2B00%3A00/leaderboard,200,200
2026-09-09T16:40:00+00:00,https://api.theminos.ai/verification/round/2026-09-09T16%3A40%3A00%2B00%3A00,https://api.theminos.ai/scoring/rounds/2026-09-09T16%3A40%3A00%2B00%3A00/leaderboard,200,200
2026-09-09T15:28:00+00:00,https://api.theminos.ai/verification/round/2026-09-09T15%3A28%3A00%2B00%3A00,https://api.theminos.ai/scoring/rounds/2026-09-09T15%3A28%3A00%2B00%3A00/leaderboard,200,200
2026-09-09T14:16:00+00:00,https://api.theminos.ai/verification/round/2026-09-09T14%3A16%3A00%2B00%3A00,https://api.theminos.ai/scoring/rounds/2026-09-09T14%3A16%3A00%2B00%3A00/leaderboard,200,200
2026-09-09T13:04:00+00:00,https://api.theminos.ai/verification/round/2026-09-09T13%3A04%3A00%2B00%3A00,https://api.theminos.ai/scoring/rounds/2026-09-09T13%3A04%3A00%2B00%3A00/leaderboard,200,200
2026-09-09T11:52:00+00:00,https://api.theminos.ai/verification/round/2026-09-09T11%3A52%3A00%2B00%3A00,https://api.theminos.ai/scoring/rounds/2026-09-09T11%3A52%3A00%2B00%3A00/leaderboard,200,200
2026-09-09T10:40:00+00:00,https://api.theminos.ai/verification/round/2026-09-09T10%3A40%3A00%2B00%3A00,https://api.theminos.ai/scoring/rounds/2026-09-09T10%3A40%3A00%2B00%3A00/leaderboard,200,200
2026-09-09T09:28:00+00:00,https://api.theminos.ai/verification/round/2026-09-09T09%3A28%3A00%2B00%3A00,https://api.theminos.ai/scoring/rounds/2026-09-09T09%3A28%3A00%2B00%3A00/leaderboard,200,200
2026-09-09T08:16:00+00:00,https://api.theminos.ai/verification/round/2026-09-09T08%3A16%3A00%2B00%3A00,https://api.theminos.ai/scoring/rounds/2026-09-09T08%3A16%3A00%2B00%3A00/leaderboard,200,200
2026-09-09T07:04:00+00:00,https://api.theminos.ai/verification/round/2026-09-09T07%3A04%3A00%2B00%3A00,https://api.theminos.ai/scoring/rounds/2026-09-09T07%3A04%3A00%2B00%3A00/leaderboard,200,200
2026-09-09T05:52:00+00:00,https://api.theminos.ai/verification/round/2026-09-09T05%3A52%3A00%2B00%3A00,https://api.theminos.ai/scoring/rounds/2026-09-09T05%3A52%3A00%2B00%3A00/leaderboard,200,200
2026-09-09T04:40:00+00:00,https://api.theminos.ai/verification/round/2026-09-09T04%3A40%3A00%2B00%3A00,https://api.theminos.ai/scoring/rounds/2026-09-09T04%3A40%3A00%2B00%3A00/leaderboard,200,200
2026-09-09T03:28:00+00:00,https://api.theminos.ai/verification/round/2026-09-09T03%3A28%3A00%2B00%3A00,https://api.theminos.ai/scoring/rounds/2026-09-09T03%3A28%3A00%2B00%3A00/leaderboard,200,200
2026-09-09T02:16:00+00:00,https://api.theminos.ai/verification/round/2026-09-09T02%3A16%3A00%2B00%3A00,https://api.theminos.ai/scoring/rounds/2026-09-09T02%3A16%3A00%2B00%3A00/leaderboard,200,200
2026-09-09T01:04:00+00:00,https://api.theminos.ai/verification/round/2026-09-09T01%3A04%3A00%2B00%3A00,https://api.theminos.ai/scoring/rounds/2026-09-09T01%3A04%3A00%2B00%3A00/leaderboard,200,200
2026-09-08T23:52:00+00:00,https://api.theminos.ai/verification/round/2026-09-08T23%3A52%3A00%2B00%3A00,https://api.theminos.ai/scoring/rounds/2026-09-08T23%3A52%3A00%2B00%3A00/leaderboard,200,200
2026-09-08T22:40:00+00:00,https://api.theminos.ai/verification/round/2026-09-08T22%3A40%3A00%2B00%3A00,https://api.theminos.ai/scoring/rounds/2026-09-08T22%3A40%3A00%2B00%3A00/leaderboard,200,200
2026-09-08T21:28:00+00:00,https://api.theminos.ai/verification/round/2026-09-08T21%3A28%3A00%2B00%3A00,https://api.theminos.ai/scoring/rounds/2026-09-08T21%3A28%3A00%2B00%3A00/leaderboard,200,200
2026-09-08T20:16:00+00:00,https://api.theminos.ai/verification/round/2026-09-08T20%3A16%3A00%2B00%3A00,https://api.theminos.ai/scoring/rounds/2026-09-08T20%3A16%3A00%2B00%3A00/leaderboard,200,200
2026-09-08T19:04:00+00:00,https://api.theminos.ai/verification/round/2026-09-08T19%3A04%3A00%2B00%3A00,https://api.theminos.ai/scoring/rounds/2026-09-08T19%3A04%3A00%2B00%3A00/leaderboard,200,200
2026-09-08T17:52:00+00:00,https://api.theminos.ai/verification/round/2026-09-08T17%3A52%3A00%2B00%3A00,https://api.theminos.ai/scoring/rounds/2026-09-08T17%3A52%3A00%2B00%3A00/leaderboard,200,200
2026-09-08T16:40:00+00:00,https://api.theminos.ai/verification/round/2026-09-08T16%3A40%3A00%2B00%3A00,https://api.theminos.ai/scoring/rounds/2026-09-08T16%3A40%3A00%2B00%3A00/leaderboard,200,200
2026-09-08T15:28:00+00:00,https://api.theminos.ai/verification/round/2026-09-08T15%3A28%3A00%2B00%3A00,https://api.theminos.ai/scoring/rounds/2026-09-08T15%3A28%3A00%2B00%3A00/leaderboard,200,200
2026-09-08T14:16:00+00:00,https://api.theminos.ai/verification/round/2026-09-08T14%3A16%3A00%2B00%3A00,https://api.theminos.ai/scoring/rounds/2026-09-08T14%3A16%3A00%2B00%3A00/leaderboard,200,200
2026-09-08T13:04:00+00:00,https://api.theminos.ai/verification/round/2026-09-08T13%3A04%3A00%2B00%3A00,https://api.theminos.ai/scoring/rounds/2026-09-08T13%3A04%3A00%2B00%3A00/leaderboard,200,200
2026-09-08T11:52:00+00:00,https://api.theminos.ai/verification/round/2026-09-08T11%3A52%3A00%2B00%3A00,https://api.theminos.ai/scoring/rounds/2026-09-08T11%3A52%3A00%2B00%3A00/leaderboard,200,200
2026-09-08T10:40:00+00:00,https://api.theminos.ai/verification/round/2026-09-08T10%3A40%3A00%2B00%3A00,https://api.theminos.ai/scoring/rounds/2026-09-08T10%3A40%3A00%2B00%3A00/leaderboard,200,200
2026-09-08T09:28:00+00:00,https://api.theminos.ai/verification/round/2026-09-08T09%3A28%3A00%2B00%3A00,https://api.theminos.ai/scoring/rounds/2026-09-08T09%3A28%3A00%2B00%3A00/leaderboard,200,200
2026-09-08T08:16:00+00:00,https://api.theminos.ai/verification/round/2026-09-08T08%3A16%3A00%2B00%3A00,https://api.theminos.ai/scoring/rounds/2026-09-08T08%3A16%3A00%2B00%3A00/leaderboard,200,200
2026-09-08T07:04:00+00:00,https://api.theminos.ai/verification/round/2026-09-08T07%3A04%3A00%2B00%3A00,https://api.theminos.ai/scoring/rounds/2026-09-08T07%3A04%3A00%2B00%3A00/leaderboard,200,200
2026-09-08T05:52:00+00:00,https://api.theminos.ai/verification/round/2026-09-08T05%3A52%3A00%2B00%3A00,https://api.theminos.ai/scoring/rounds/2026-09-08T05%3A52%3A00%2B00%3A00/leaderboard,200,200
2026-09-08T04:40:00+00:00,https://api.theminos.ai/verification/round/2026-09-08T04%3A40%3A00%2B00%3A00,https://api.theminos.ai/scoring/rounds/2026-09-08T04%3A40%3A00%2B00%3A00/leaderboard,200,200
2026-09-08T03:28:00+00:00,https://api.theminos.ai/verification/round/2026-09-08T03%3A28%3A00%2B00%3A00,https://api.theminos.ai/scoring/rounds/2026-09-08T03%3A28%3A00%2B00%3A00/leaderboard,200,200
2026-09-08T02:16:00+00:00,https://api.theminos.ai/verification/round/2026-09-08T02%3A16%3A00%2B00%3A00,https://api.theminos.ai/scoring/rounds/2026-09-08T02%3A16%3A00%2B00%3A00/leaderboard,200,200
2026-09-08T01:04:00+00:00,https://api.theminos.ai/verification/round/2026-09-08T01%3A04%3A00%2B00%3A00,https://api.theminos.ai/scoring/rounds/2026-09-08T01%3A04%3A00%2B00%3A00/leaderboard,200,200
2026-09-07T23:52:00+00:00,https://api.theminos.ai/verification/round/2026-09-07T23%3A52%3A00%2B00%3A00,https://api.theminos.ai/scoring/rounds/2026-09-07T23%3A52%3A00%2B00%3A00/leaderboard,200,200
2026-09-07T22:40:00+00:00,https://api.theminos.ai/verification/round/2026-09-07T22%3A40%3A00%2B00%3A00,https://api.theminos.ai/scoring/rounds/2026-09-07T22%3A40%3A00%2B00%3A00/leaderboard,200,200
2026-09-07T21:28:00+00:00,https://api.theminos.ai/verification/round/2026-09-07T21%3A28%3A00%2B00%3A00,https://api.theminos.ai/scoring/rounds/2026-09-07T21%3A28%3A00%2B00%3A00/leaderboard,200,200
2026-09-07T20:16:00+00:00,https://api.theminos.ai/verification/round/2026-09-07T20%3A16%3A00%2B00%3A00,https://api.theminos.ai/scoring/rounds/2026-09-07T20%3A16%3A00%2B00%3A00/leaderboard,200,200
2026-09-07T19:04:00+00:00,https://api.theminos.ai/verification/round/2026-09-07T19%3A04%3A00%2B00%3A00,https://api.theminos.ai/scoring/rounds/2026-09-07T19%3A04%3A00%2B00%3A00/leaderboard,200,200
2026-09-07T17:52:00+00:00,https://api.theminos.ai/verification/round/2026-09-07T17%3A52%3A00%2B00%3A00,https://api.theminos.ai/scoring/rounds/2026-09-07T17%3A52%3A00%2B00%3A00/leaderboard,200,200
2026-09-07T16:40:00+00:00,https://api.theminos.ai/verification/round/2026-09-07T16%3A40%3A00%2B00%3A00,https://api.theminos.ai/scoring/rounds/2026-09-07T16%3A40%3A00%2B00%3A00/leaderboard,200,200
2026-09-07T15:28:00+00:00,https://api.theminos.ai/verification/round/2026-09-07T15%3A28%3A00%2B00%3A00,https://api.theminos.ai/scoring/rounds/2026-09-07T15%3A28%3A00%2B00%3A00/leaderboard,200,200
2026-09-07T14:16:00+00:00,https://api.theminos.ai/verification/round/2026-09-07T14%3A16%3A00%2B00%3A00,https://api.theminos.ai/scoring/rounds/2026-09-07T14%3A16%3A00%2B00%3A00/leaderboard,200,200
2026-09-07T13:04:00+00:00,https://api.theminos.ai/verification/round/2026-09-07T13%3A04%3A00%2B00%3A00,https://api.theminos.ai/scoring/rounds/2026-09-07T13%3A04%3A00%2B00%3A00/leaderboard,200,200
2026-09-07T11:52:00+00:00,https://api.theminos.ai/verification/round/2026-09-07T11%3A52%3A00%2B00%3A00,https://api.theminos.ai/scoring/rounds/2026-09-07T11%3A52%3A00%2B00%3A00/leaderboard,200,200
2026-09-07T10:40:00+00:00,https://api.theminos.ai/verification/round/2026-09-07T10%3A40%3A00%2B00%3A00,https://api.theminos.ai/scoring/rounds/2026-09-07T10%3A40%3A00%2B00%3A00/leaderboard,200,200
2026-09-07T09:28:00+00:00,https://api.theminos.ai/verification/round/2026-09-07T09%3A28%3A00%2B00%3A00,https://api.theminos.ai/scoring/rounds/2026-09-07T09%3A28%3A00%2B00%3A00/leaderboard,200,200
2026-09-07T08:16:00+00:00,https://api.theminos.ai/verification/round/2026-09-07T08%3A16%3A00%2B00%3A00,https://api.theminos.ai/scoring/rounds/2026-09-07T08%3A16%3A00%2B00%3A00/leaderboard,200,200
2026-09-07T07:04:00+00:00,https://api.theminos.ai/verification/round/2026-09-07T07%3A04%3A00%2B00%3A00,https://api.theminos.ai/scoring/rounds/2026-09-07T07%3A04%3A00%2B00%3A00/leaderboard,200,200
2026-09-07T05:52:00+00:00,https://api.theminos.ai/verification/round/2026-09-07T05%3A52%3A00%2B00%3A00,https://api.theminos.ai/scoring/rounds/2026-09-07T05%3A52%3A00%2B00%3A00/leaderboard,200,200
2026-09-07T04:40:00+00:00,https://api.theminos.ai/verification/round/2026-09-07T04%3A40%3A00%2B00%3A00,https://api.theminos.ai/scoring/rounds/2026-09-07T04%3A40%3A00%2B00%3A00/leaderboard,200,200
2026-09-07T03:28:00+00:00,https://api.theminos.ai/verification/round/2026-09-07T03%3A28%3A00%2B00%3A00,https://api.theminos.ai/scoring/rounds/2026-09-07T03%3A28%3A00%2B00%3A00/leaderboard,200,200
2026-09-07T02:16:00+00:00,https://api.theminos.ai/verification/round/2026-09-07T02%3A16%3A00%2B00%3A00,https://api.theminos.ai/scoring/rounds/2026-09-07T02%3A16%3A00%2B00%3A00/leaderboard,200,200
2026-09-07T01:04:00+00:00,https://api.theminos.ai/verification/round/2026-09-07T01%3A04%3A00%2B00%3A00,https://api.theminos.ai/scoring/rounds/2026-09-07T01%3A04%3A00%2B00%3A00/leaderboard,200,200
2026-09-06T23:52:00+00:00,https://api.theminos.ai/verification/round/2026-09-06T23%3A52%3A00%2B00%3A00,https://api.theminos.ai/scoring/rounds/2026-09-06T23%3A52%3A00%2B00%3A00/leaderboard,200,200
2026-09-06T22:40:00+00:00,https://api.theminos.ai/verification/round/2026-09-06T22%3A40%3A00%2B00%3A00,https://api.theminos.ai/scoring/rounds/2026-09-06T22%3A40%3A00%2B00%3A00/leaderboard,200,200
2026-09-06T21:28:00+00:00,https://api.theminos.ai/verification/round/2026-09-06T21%3A28%3A00%2B00%3A00,https://api.theminos.ai/scoring/rounds/2026-09-06T21%3A28%3A00%2B00%3A00/leaderboard,200,200
2026-09-06T20:16:00+00:00,https://api.theminos.ai/verification/round/2026-09-06T20%3A16%3A00%2B00%3A00,https://api.theminos.ai/scoring/rounds/2026-09-06T20%3A16%3A00%2B00%3A00/leaderboard,200,200
2026-09-06T19:04:00+00:00,https://api.theminos.ai/verification/round/2026-09-06T19%3A04%3A00%2B00%3A00,https://api.theminos.ai/scoring/rounds/2026-09-06T19%3A04%3A00%2B00%3A00/leaderboard,200,200
2026-09-06T17:52:00+00:00,https://api.theminos.ai/verification/round/2026-09-06T17%3A52%3A00%2B00%3A00,https://api.theminos.ai/scoring/rounds/2026-09-06T17%3A52%3A00%2B00%3A00/leaderboard,200,200
2026-09-06T16:40:00+00:00,https://api.theminos.ai/verification/round/2026-09-06T16%3A40%3A00%2B00%3A00,https://api.theminos.ai/scoring/rounds/2026-09-06T16%3A40%3A00%2B00%3A00/leaderboard,200,200
2026-09-06T15:28:00+00:00,https://api.theminos.ai/verification/round/2026-09-06T15%3A28%3A00%2B00%3A00,https://api.theminos.ai/scoring/rounds/2026-09-06T15%3A28%3A00%2B00%3A00/leaderboard,200,200
2026-09-06T14:16:00+00:00,https://api.theminos.ai/verification/round/2026-09-06T14%3A16%3A00%2B00%3A00,https://api.theminos.ai/scoring/rounds/2026-09-06T14%3A16%3A00%2B00%3A00/leaderboard,200,200
2026-09-06T13:04:00+00:00,https://api.theminos.ai/verification/round/2026-09-06T13%3A04%3A00%2B00%3A00,https://api.theminos.ai/scoring/rounds/2026-09-06T13%3A04%3A00%2B00%3A00/leaderboard,200,200
2026-09-06T11:52:00+00:00,https://api.theminos.ai/verification/round/2026-09-06T11%3A52%3A00%2B00%3A00,https://api.theminos.ai/scoring/rounds/2026-09-06T11%3A52%3A00%2B00%3A00/leaderboard,200,200
2026-09-06T10:40:00+00:00,https://api.theminos.ai/verification/round/2026-09-06T10%3A40%3A00%2B00%3A00,https://api.theminos.ai/scoring/rounds/2026-09-06T10%3A40%3A00%2B00%3A00/leaderboard,200,200
2026-09-06T09:28:00+00:00,https://api.theminos.ai/verification/round/2026-09-06T09%3A28%3A00%2B00%3A00,https://api.theminos.ai/scoring/rounds/2026-09-06T09%3A28%3A00%2B00%3A00/leaderboard,200,200
2026-09-06T08:16:00+00:00,https://api.theminos.ai/verification/round/2026-09-06T08%3A16%3A00%2B00%3A00,https://api.theminos.ai/scoring/rounds/2026-09-06T08%3A16%3A00%2B00%3A00/leaderboard,200,200
2026-09-06T07:04:00+00:00,https://api.theminos.ai/verification/round/2026-09-06T07%3A04%3A00%2B00%3A00,https://api.theminos.ai/scoring/rounds/2026-09-06T07%3A04%3A00%2B00%3A00/leaderboard,200,200
2026-09-06T05:52:00+00:00,https://api.theminos.ai/verification/round/2026-09-06T05%3A52%3A00%2B00%3A00,https://api.theminos.ai/scoring/rounds/2026-09-06T05%3A52%3A00%2B00%3A00/leaderboard,200,200
2026-09-06T04:40:00+00:00,https://api.theminos.ai/verification/round/2026-09-06T04%3A40%3A00%2B00%3A00,https://api.theminos.ai/scoring/rounds/2026-09-06T04%3A40%3A00%2B00%3A00/leaderboard,200,200
2026-09-06T03:28:00+00:00,https://api.theminos.ai/verification/round/2026-09-06T03%3A28%3A00%2B00%3A00,https://api.theminos.ai/scoring/rounds/2026-09-06T03%3A28%3A00%2B00%3A00/leaderboard,200,200
2026-09-06T02:16:00+00:00,https://api.theminos.ai/verification/round/2026-09-06T02%3A16%3A00%2B00%3A00,https://api.theminos.ai/scoring/rounds/2026-09-06T02%3A16%3A00%2B00%3A00/leaderboard,200,200
2026-09-06T01:04:00+00:00,https://api.theminos.ai/verification/round/2026-09-06T01%3A04%3A00%2B00%3A00,https://api.theminos.ai/scoring/rounds/2026-09-06T01%3A04%3A00%2B00%3A00/leaderboard,200,200
2026-09-05T23:52:00+00:00,https://api.theminos.ai/verification/round/2026-09-05T23%3A52%3A00%2B00%3A00,https://api.theminos.ai/scoring/rounds/2026-09-05T23%3A52%3A00%2B00%3A00/leaderboard,200,200
2026-09-05T22:40:00+00:00,https://api.theminos.ai/verification/round/2026-09-05T22%3A40%3A00%2B00%3A00,https://api.theminos.ai/scoring/rounds/2026-09-05T22%3A40%3A00%2B00%3A00/leaderboard,200,200
2026-09-05T21:28:00+00:00,https://api.theminos.ai/verification/round/2026-09-05T21%3A28%3A00%2B00%3A00,https://api.theminos.ai/scoring/rounds/2026-09-05T21%3A28%3A00%2B00%3A00/leaderboard,200,200
2026-09-05T20:16:00+00:00,https://api.theminos.ai/verification/round/2026-09-05T20%3A16%3A00%2B00%3A00,https://api.theminos.ai/scoring/rounds/2026-09-05T20%3A16%3A00%2B00%3A00/leaderboard,200,200
2026-09-05T19:04:00+00:00,https://api.theminos.ai/verification/round/2026-09-05T19%3A04%3A00%2B00%3A00,https://api.theminos.ai/scoring/rounds/2026-09-05T19%3A04%3A00%2B00%3A00/leaderboard,200,200
2026-09-05T17:52:00+00:00,https://api.theminos.ai/verification/round/2026-09-05T17%3A52%3A00%2B00%3A00,https://api.theminos.ai/scoring/rounds/2026-09-05T17%3A52%3A00%2B00%3A00/leaderboard,200,200
2026-09-05T16:40:00+00:00,https://api.theminos.ai/verification/round/2026-09-05T16%3A40%3A00%2B00%3A00,https://api.theminos.ai/scoring/rounds/2026-09-05T16%3A40%3A00%2B00%3A00/leaderboard,200,200
2026-09-05T15:28:00+00:00,https://api.theminos.ai/verification/round/2026-09-05T15%3A28%3A00%2B00%3A00,https://api.theminos.ai/scoring/rounds/2026-09-05T15%3A28%3A00%2B00%3A00/leaderboard,200,200
2026-09-05T14:16:00+00:00,https://api.theminos.ai/verification/round/2026-09-05T14%3A16%3A00%2B00%3A00,https://api.theminos.ai/scoring/rounds/2026-09-05T14%3A16%3A00%2B00%3A00/leaderboard,200,200
2026-09-05T13:04:00+00:00,https://api.theminos.ai/verification/round/2026-09-05T13%3A04%3A00%2B00%3A00,https://api.theminos.ai/scoring/rounds/2026-09-05T13%3A04%3A00%2B00%3A00/leaderboard,200,200
2026-09-05T11:52:00+00:00,https://api.theminos.ai/verification/round/2026-09-05T11%3A52%3A00%2B00%3A00,https://api.theminos.ai/scoring/rounds/2026-09-05T11%3A52%3A00%2B00%3A00/leaderboard,200,200
2026-09-05T10:40:00+00:00,https://api.theminos.ai/verification/round/2026-09-05T10%3A40%3A00%2B00%3A00,https://api.theminos.ai/scoring/rounds/2026-09-05T10%3A40%3A00%2B00%3A00/leaderboard,200,200
2026-09-05T09:28:00+00:00,https://api.theminos.ai/verification/round/2026-09-05T09%3A28%3A00%2B00%3A00,https://api.theminos.ai/scoring/rounds/2026-09-05T09%3A28%3A00%2B00%3A00/leaderboard,200,200
2026-09-05T08:16:00+00:00,https://api.theminos.ai/verification/round/2026-09-05T08%3A16%3A00%2B00%3A00,https://api.theminos.ai/scoring/rounds/2026-09-05T08%3A16%3A00%2B00%3A00/leaderboard,200,200
2026-09-05T07:04:00+00:00,https://api.theminos.ai/verification/round/2026-09-05T07%3A04%3A00%2B00%3A00,https://api.theminos.ai/scoring/rounds/2026-09-05T07%3A04%3A00%2B00%3A00/leaderboard,200,200
2026-09-05T05:52:00+00:00,https://api.theminos.ai/verification/round/2026-09-05T05%3A52%3A00%2B00%3A00,https://api.theminos.ai/scoring/rounds/2026-09-05T05%3A52%3A00%2B00%3A00/leaderboard,200,200
2026-09-05T04:40:00+00:00,https://api.theminos.ai/verification/round/2026-09-05T04%3A40%3A00%2B00%3A00,https://api.theminos.ai/scoring/rounds/2026-09-05T04%3A40%3A00%2B00%3A00/leaderboard,200,200
2026-09-05T03:28:00+00:00,https://api.theminos.ai/verification/round/2026-09-05T03%3A28%3A00%2B00%3A00,https://api.theminos.ai/scoring/rounds/2026-09-05T03%3A28%3A00%2B00%3A00/leaderboard,200,200
2026-09-05T02:16:00+00:00,https://api.theminos.ai/verification/round/2026-09-05T02%3A16%3A00%2B00%3A00,https://api.theminos.ai/scoring/rounds/2026-09-05T02%3A16%3A00%2B00%3A00/leaderboard,200,200
2026-09-05T01:04:00+00:00,https://api.theminos.ai/verification/round/2026-09-05T01%3A04%3A00%2B00%3A00,https://api.theminos.ai/scoring/rounds/2026-09-05T01%3A04%3A00%2B00%3A00/leaderboard,200,200
2026-09-04T23:52:00+00:00,https://api.theminos.ai/verification/round/2026-09-04T23%3A52%3A00%2B00%3A00,https://api.theminos.ai/scoring/rounds/2026-09-04T23%3A52%3A00%2B00%3A00/leaderboard,200,200
2026-09-04T22:40:00+00:00,https://api.theminos.ai/verification/round/2026-09-04T22%3A40%3A00%2B00%3A00,https://api.theminos.ai/scoring/rounds/2026-09-04T22%3A40%3A00%2B00%3A00/leaderboard,200,200
2026-09-04T21:28:00+00:00,https://api.theminos.ai/verification/round/2026-09-04T21%3A28%3A00%2B00%3A00,https://api.theminos.ai/scoring/rounds/2026-09-04T21%3A28%3A00%2B00%3A00/leaderboard,200,200
2026-09-04T20:16:00+00:00,https://api.theminos.ai/verification/round/2026-09-04T20%3A16%3A00%2B00%3A00,https://api.theminos.ai/scoring/rounds/2026-09-04T20%3A16%3A00%2B00%3A00/leaderboard,200,200
2026-09-04T19:04:00+00:00,https://api.theminos.ai/verification/round/2026-09-04T19%3A04%3A00%2B00%3A00,https://api.theminos.ai/scoring/rounds/2026-09-04T19%3A04%3A00%2B00%3A00/leaderboard,200,200
2026-09-04T17:52:00+00:00,https://api.theminos.ai/verification/round/2026-09-04T17%3A52%3A00%2B00%3A00,https://api.theminos.ai/scoring/rounds/2026-09-04T17%3A52%3A00%2B00%3A00/leaderboard,200,200
2026-09-04T16:40:00+00:00,https://api.theminos.ai/verification/round/2026-09-04T16%3A40%3A00%2B00%3A00,https://api.theminos.ai/scoring/rounds/2026-09-04T16%3A40%3A00%2B00%3A00/leaderboard,200,200
2026-09-04T15:28:00+00:00,https://api.theminos.ai/verification/round/2026-09-04T15%3A28%3A00%2B00%3A00,https://api.theminos.ai/scoring/rounds/2026-09-04T15%3A28%3A00%2B00%3A00/leaderboard,200,200
2026-09-04T14:16:00+00:00,https://api.theminos.ai/verification/round/2026-09-04T14%3A16%3A00%2B00%3A00,https://api.theminos.ai/scoring/rounds/2026-09-04T14%3A16%3A00%2B00%3A00/leaderboard,200,200
2026-09-04T13:04:00+00:00,https://api.theminos.ai/verification/round/2026-09-04T13%3A04%3A00%2B00%3A00,https://api.theminos.ai/scoring/rounds/2026-09-04T13%3A04%3A00%2B00%3A00/leaderboard,200,200
2026-09-04T11:52:00+00:00,https://api.theminos.ai/verification/round/2026-09-04T11%3A52%3A00%2B00%3A00,https://api.theminos.ai/scoring/rounds/2026-09-04T11%3A52%3A00%2B00%3A00/leaderboard,200,200
2026-09-04T10:40:00+00:00,https://api.theminos.ai/verification/round/2026-09-04T10%3A40%3A00%2B00%3A00,https://api.theminos.ai/scoring/rounds/2026-09-04T10%3A40%3A00%2B00%3A00/leaderboard,200,200
2026-09-04T09:28:00+00:00,https://api.theminos.ai/verification/round/2026-09-04T09%3A28%3A00%2B00%3A00,https://api.theminos.ai/scoring/rounds/2026-09-04T09%3A28%3A00%2B00%3A00/leaderboard,200,200
2026-09-04T08:16:00+00:00,https://api.theminos.ai/verification/round/2026-09-04T08%3A16%3A00%2B00%3A00,https://api.theminos.ai/scoring/rounds/2026-09-04T08%3A16%3A00%2B00%3A00/leaderboard,200,200
2026-09-04T07:04:00+00:00,https://api.theminos.ai/verification/round/2026-09-04T07%3A04%3A00%2B00%3A00,https://api.theminos.ai/scoring/rounds/2026-09-04T07%3A04%3A00%2B00%3A00/leaderboard,200,200
2026-09-04T05:52:00+00:00,https://api.theminos.ai/verification/round/2026-09-04T05%3A52%3A00%2B00%3A00,https://api.theminos.ai/scoring/rounds/2026-09-04T05%3A52%3A00%2B00%3A00/leaderboard,200,200
2026-09-04T04:40:00+00:00,https://api.theminos.ai/verification/round/2026-09-04T04%3A40%3A00%2B00%3A00,https://api.theminos.ai/scoring/rounds/2026-09-04T04%3A40%3A00%2B00%3A00/leaderboard,200,200
2026-09-04T03:28:00+00:00,https://api.theminos.ai/verification/round/2026-09-04T03%3A28%3A00%2B00%3A00,https://api.theminos.ai/scoring/rounds/2026-09-04T03%3A28%3A00%2B00%3A00/leaderboard,200,200
2026-09-04T02:16:00+00:00,https://api.theminos.ai/verification/round/2026-09-04T02%3A16%3A00%2B00%3A00,https://api.theminos.ai/scoring/rounds/2026-09-04T02%3A16%3A00%2B00%3A00/leaderboard,200,200
2026-09-04T01:04:00+00:00,https://api.theminos.ai/verification/round/2026-09-04T01%3A04%3A00%2B00%3A00,https://api.theminos.ai/scoring/rounds/2026-09-04T01%3A04%3A00%2B00%3A00/leaderboard,200,200
2026-09-03T23:52:00+00:00,https://api.theminos.ai/verification/round/2026-09-03T23%3A52%3A00%2B00%3A00,https://api.theminos.ai/scoring/rounds/2026-09-03T23%3A52%3A00%2B00%3A00/leaderboard,200,200
2026-09-03T22:40:00+00:00,https://api.theminos.ai/verification/round/2026-09-03T22%3A40%3A00%2B00%3A00,https://api.theminos.ai/scoring/rounds/2026-09-03T22%3A40%3A00%2B00%3A00/leaderboard,200,200
2026-09-03T21:28:00+00:00,https://api.theminos.ai/verification/round/2026-09-03T21%3A28%3A00%2B00%3A00,https://api.theminos.ai/scoring/rounds/2026-09-03T21%3A28%3A00%2B00%3A00/leaderboard,200,200
2026-09-03T20:16:00+00:00,https://api.theminos.ai/verification/round/2026-09-03T20%3A16%3A00%2B00%3A00,https://api.theminos.ai/scoring/rounds/2026-09-03T20%3A16%3A00%2B00%3A00/leaderboard,200,200
2026-09-03T19:04:00+00:00,https://api.theminos.ai/verification/round/2026-09-03T19%3A04%3A00%2B00%3A00,https://api.theminos.ai/scoring/rounds/2026-09-03T19%3A04%3A00%2B00%3A00/leaderboard,200,200
2026-09-03T17:52:00+00:00,https://api.theminos.ai/verification/round/2026-09-03T17%3A52%3A00%2B00%3A00,https://api.theminos.ai/scoring/rounds/2026-09-03T17%3A52%3A00%2B00%3A00/leaderboard,200,200
2026-09-03T16:40:00+00:00,https://api.theminos.ai/verification/round/2026-09-03T16%3A40%3A00%2B00%3A00,https://api.theminos.ai/scoring/rounds/2026-09-03T16%3A40%3A00%2B00%3A00/leaderboard,200,200
2026-09-03T15:28:00+00:00,https://api.theminos.ai/verification/round/2026-09-03T15%3A28%3A00%2B00%3A00,https://api.theminos.ai/scoring/rounds/2026-09-03T15%3A28%3A00%2B00%3A00/leaderboard,200,200
2026-09-03T14:16:00+00:00,https://api.theminos.ai/verification/round/2026-09-03T14%3A16%3A00%2B00%3A00,https://api.theminos.ai/scoring/rounds/2026-09-03T14%3A16%3A00%2B00%3A00/leaderboard,200,200
2026-09-03T13:04:00+00:00,https://api.theminos.ai/verification/round/2026-09-03T13%3A04%3A00%2B00%3A00,https://api.theminos.ai/scoring/rounds/2026-09-03T13%3A04%3A00%2B00%3A00/leaderboard,200,200
2026-09-03T11:52:00+00:00,https://api.theminos.ai/verification/round/2026-09-03T11%3A52%3A00%2B00%3A00,https://api.theminos.ai/scoring/rounds/2026-09-03T11%3A52%3A00%2B00%3A00/leaderboard,200,200
2026-09-03T10:40:00+00:00,https://api.theminos.ai/verification/round/2026-09-03T10%3A40%3A00%2B00%3A00,https://api.theminos.ai/scoring/rounds/2026-09-03T10%3A40%3A00%2B00%3A00/leaderboard,200,200
2026-09-03T09:28:00+00:00,https://api.theminos.ai/verification/round/2026-09-03T09%3A28%3A00%2B00%3A00,https://api.theminos.ai/scoring/rounds/2026-09-03T09%3A28%3A00%2B00%3A00/leaderboard,200,200
2026-09-03T08:16:00+00:00,https://api.theminos.ai/verification/round/2026-09-03T08%3A16%3A00%2B00%3A00,https://api.theminos.ai/scoring/rounds/2026-09-03T08%3A16%3A00%2B00%3A00/leaderboard,200,200
2026-09-03T07:04:00+00:00,https://api.theminos.ai/verification/round/2026-09-03T07%3A04%3A00%2B00%3A00,https://api.theminos.ai/scoring/rounds/2026-09-03T07%3A04%3A00%2B00%3A00/leaderboard,200,200
2026-09-03T05:52:00+00:00,https://api.theminos.ai/verification/round/2026-09-03T05%3A52%3A00%2B00%3A00,https://api.theminos.ai/scoring/rounds/2026-09-03T05%3A52%3A00%2B00%3A00/leaderboard,200,200
2026-09-03T04:40:00+00:00,https://api.theminos.ai/verification/round/2026-09-03T04%3A40%3A00%2B00%3A00,https://api.theminos.ai/scoring/rounds/2026-09-03T04%3A40%3A00%2B00%3A00/leaderboard,200,200
2026-09-03T03:28:00+00:00,https://api.theminos.ai/verification/round/2026-09-03T03%3A28%3A00%2B00%3A00,https://api.theminos.ai/scoring/rounds/2026-09-03T03%3A28%3A00%2B00%3A00/leaderboard,200,200
2026-09-03T02:16:00+00:00,https://api.theminos.ai/verification/round/2026-09-03T02%3A16%3A00%2B00%3A00,https://api.theminos.ai/scoring/rounds/2026-09-03T02%3A16%3A00%2B00%3A00/leaderboard,200,200
2026-09-03T00:52:00+00:00,https://api.theminos.ai/verification/round/2026-09-03T00%3A52%3A00%2B00%3A00,https://api.theminos.ai/scoring/rounds/2026-09-03T00%3A52%3A00%2B00%3A00/leaderboard,200,200
2026-09-02T22:56:00+00:00,https://api.theminos.ai/verification/round/2026-09-02T22%3A56%3A00%2B00%3A00,https://api.theminos.ai/scoring/rounds/2026-09-02T22%3A56%3A00%2B00%3A00/leaderboard,200,200
2026-09-02T21:44:00+00:00,https://api.theminos.ai/verification/round/2026-09-02T21%3A44%3A00%2B00%3A00,https://api.theminos.ai/scoring/rounds/2026-09-02T21%3A44%3A00%2B00%3A00/leaderboard,200,200
